Día natural,Predicción Inferior,Predicción Superior,Predicción central,Material,Oficina de Ventas Unifica,Zona de ventas.1
2021-06-11,1795.381972824107,5715.661871860589,3834.752743538419,1020253,,Santiago
2021-06-12,1493.2876120379276,5290.919543758687,3309.589356860767,1020253,,Santiago
2021-06-13,-115.96439218583149,3669.470631646851,1733.7508035828996,1020253,,Santiago
2021-06-14,262.03244321598623,3988.0435445358603,2082.599738172643,1020253,,Santiago
2021-06-15,941.5860178303651,4752.005681660376,2873.4273149551295,1020253,,Santiago
2021-06-16,1287.895041258957,5306.308448525924,3197.2342679586955,1020253,,Santiago
2021-06-17,1657.3108938680436,5661.710726083289,3565.614142045752,1020253,,Santiago
2021-06-11,-113.06209734681032,1674.5987139927,794.9661732792824,1020042,,Santiago
2021-06-12,-463.93016186528695,1380.15120271362,453.7706028636481,1020042,,Santiago
2021-06-13,-1567.6122304024325,283.6664937374956,-665.501439264866,1020042,,Santiago
2021-06-14,-1059.3210870255118,682.7303626544519,-178.41035458909468,1020042,,Santiago
2021-06-15,-356.1586169539343,1443.195748537573,552.4275361975725,1020042,,Santiago
2021-06-16,-219.8484039949559,1667.5797097611226,694.7088196855912,1020042,,Santiago
2021-06-17,-388.15710670689396,1518.4898059960626,590.2626953690468,1020042,,Santiago
2021-06-11,2180.466901028278,6684.515975945639,4454.43127668528,1020027,,Santiago
2021-06-12,1515.8397304077594,5711.3098696265715,3556.1338212219384,1020027,,Santiago
2021-06-13,-1229.9690482827725,3019.2249562507855,916.8120448309994,1020027,,Santiago
2021-06-14,-249.34064568688422,4025.7270832456684,1851.0343127629897,1020027,,Santiago
2021-06-15,1590.1661363061057,5906.628358691517,3741.065656457719,1020027,,Santiago
2021-06-16,2169.6915393113673,6556.346717656237,4402.355121975901,1020027,,Santiago
2021-06-17,1956.1239783362707,6500.002405686653,4308.43719291844,1020027,,Santiago
2021-06-11,2150.7679255049256,13639.005669394282,7899.874178484468,1020013,,Santiago
2021-06-12,454.7478616266532,11578.857743395465,6035.09326721336,1020013,,Santiago
2021-06-13,-7523.514825607117,4383.494727895042,-1585.5391923321404,1020013,,Santiago
2021-06-14,-2952.5310578839913,7931.25812165304,2457.9883767903507,1020013,,Santiago
2021-06-15,-8.135850286978416,11471.972522634389,5933.755233041738,1020013,,Santiago
2021-06-16,1993.0625874630823,13863.783304013265,7928.8336619448255,1020013,,Santiago
2021-06-17,2951.2439744276594,14143.003318446226,8386.417999700776,1020013,,Santiago
2021-06-11,2615.469605451812,9907.42280519178,6201.577564526399,1020010,,Santiago
2021-06-12,961.3278501731704,8466.245588490825,4867.919466796496,1020010,,Santiago
2021-06-13,-2509.9192268365923,4753.770630576379,1229.240460141917,1020010,,Santiago
2021-06-14,91.85492120472887,7568.863556057109,3807.1134571245393,1020010,,Santiago
2021-06-15,1480.309118768716,8915.217726487017,5266.837365182113,1020010,,Santiago
2021-06-16,2899.9006638605815,10224.955915983997,6513.29976084125,1020010,,Santiago
2021-06-17,2597.4471383314344,10082.900619824877,6303.123248160597,1020010,,Santiago
2021-06-11,-103.71454230925852,3986.472788226923,2008.5689922162474,1020003,,Santiago
2021-06-12,-686.1610767368261,3657.6453833395763,1570.5833481034792,1020003,,Santiago
2021-06-13,-2629.809123931427,1517.5601875038412,-559.4208178178694,1020003,,Santiago
2021-06-14,-1806.6917869684357,2177.1386632326476,257.6665778335065,1020003,,Santiago
2021-06-15,-732.9680876070606,3299.1400195965225,1221.06318742881,1020003,,Santiago
2021-06-16,53.02836921729394,3955.4307903181484,1971.577330224577,1020003,,Santiago
2021-06-17,276.36560600193866,4213.785046353902,2287.506826483244,1020003,,Santiago
2021-06-11,1618.316713867396,5492.46922235981,3569.5340736780736,1020001,,Santiago
2021-06-12,836.6728507455579,4635.053825232112,2641.8510512787857,1020001,,Santiago
2021-06-13,-1687.3448421516139,2047.0543874078269,263.9861146599246,1020001,,Santiago
2021-06-14,-643.6881464462166,3087.8607122713183,1177.6279150506434,1020001,,Santiago
2021-06-15,628.1584900372778,4421.486459877663,2569.00878532321,1020001,,Santiago
2021-06-16,811.9852905839394,4471.369285360095,2594.440313992114,1020001,,Santiago
2021-06-17,935.6117595673799,4404.568198243865,2650.8519317107225,1020001,,Santiago
2021-06-11,-249.59039743008478,12014.370406342472,5831.541058198072,1010695,,Santiago
2021-06-12,-1082.7556060878262,11121.268046484829,4912.252300101691,1010695,,Santiago
2021-06-13,-3117.1033345238484,9028.307427774724,2663.2713003562694,1010695,,Santiago
2021-06-14,-2632.855933559594,9049.848152496612,2957.8272764057924,1010695,,Santiago
2021-06-15,-210.16788216479245,11067.496908793286,5469.052923777839,1010695,,Santiago
2021-06-16,1142.8207719400943,13597.858414359942,7223.479744845217,1010695,,Santiago
2021-06-17,1016.2544204467567,12930.744723783437,6767.3992660481335,1010695,,Santiago
2021-06-11,5627.93022626542,23624.890231579095,14851.314372559451,1010267,,Santiago
2021-06-12,-1849.6984416992275,17262.866248833914,8124.465434770448,1010267,,Santiago
2021-06-13,-14399.634309805459,3597.1503604472337,-4979.347426397906,1010267,,Santiago
2021-06-14,-1276.8687740601804,16824.77365135818,7533.559150878682,1010267,,Santiago
2021-06-15,4359.239071055748,22581.199312480596,13821.227783431774,1010267,,Santiago
2021-06-16,4687.019704282818,22169.825662687006,13749.15228208092,1010267,,Santiago
2021-06-17,4793.351259267322,22994.52657178505,13847.610386170418,1010267,,Santiago
2021-06-11,25772.567459770096,52174.78752154545,39001.98830963688,1010078,,Santiago
2021-06-12,13335.38646889297,40793.02181411103,27414.010818520386,1010078,,Santiago
2021-06-13,-9957.352716939877,16830.584433135547,3850.06255567896,1010078,,Santiago
2021-06-14,2984.5259314943237,30139.810987930807,16616.26686371782,1010078,,Santiago
2021-06-15,17455.859702604972,43286.515709710206,30468.20331031944,1010078,,Santiago
2021-06-16,22076.337861909735,46837.46547160248,34604.249866300204,1010078,,Santiago
2021-06-17,23795.080889711706,50341.82980955649,37401.43675177108,1010078,,Santiago
2021-06-11,-28.191006527479402,2547.523415025268,1275.3929257268037,1010077,,Santiago
2021-06-12,-253.773189335894,2289.685924128836,1057.3423202454435,1010077,,Santiago
2021-06-13,-1930.9555748982784,360.51554999281603,-717.9807198424232,1010077,,Santiago
2021-06-14,-1024.9849173740247,1637.771231349987,298.46879089750223,1010077,,Santiago
2021-06-15,-782.9065874107946,1735.319626260709,445.5763906784297,1010077,,Santiago
2021-06-16,-486.01001420003416,1932.5996088688232,750.4643419917527,1010077,,Santiago
2021-06-17,-375.4501576234466,2245.633776790754,965.8190417410567,1010077,,Santiago
2021-06-11,1222.1411204453548,20727.244874553864,11101.159164110613,1010048,,Santiago
2021-06-12,-4825.958294823051,14527.844861025067,4920.251165728852,1010048,,Santiago
2021-06-13,-21310.657869613307,-1849.8976994052548,-11548.392560122773,1010048,,Santiago
2021-06-14,-10866.127798432628,7939.978310028593,-1035.7090891196822,1010048,,Santiago
2021-06-15,-3320.768303303557,15457.8748495963,6191.036096028449,1010048,,Santiago
2021-06-16,-435.7348528398229,19129.422032975875,8664.925895144639,1010048,,Santiago
2021-06-17,0.16236673592762063,19458.090028817,9707.831979240656,1010048,,Santiago
2021-06-11,11381.095949361195,22627.252971054677,17056.790753461624,1010002,,Santiago
2021-06-12,5750.746745328959,16769.99827756372,11211.420015651314,1010002,,Santiago
2021-06-13,-11345.829146003767,-7.803184137890744,-5478.390926462669,1010002,,Santiago
2021-06-14,-1732.514190625728,9347.699392921915,3808.0087762901567,1010002,,Santiago
2021-06-15,4656.24765143032,15248.6191369051,9794.847323166312,1010002,,Santiago
2021-06-16,5762.802330133207,17503.26212879224,11500.017090586703,1010002,,Santiago
2021-06-17,7987.756720952209,18942.632440314188,13633.942743318697,1010002,,Santiago
2021-06-11,2313.0378514774443,4905.186876815588,3671.776117558629,1020253,,Centro Norte
2021-06-12,1394.877640722961,4127.057215252106,2813.500987191874,1020253,,Centro Norte
2021-06-13,-279.4140176119387,2272.0434940873865,1066.809022826662,1020253,,Centro Norte
2021-06-14,847.633785125028,3417.511392969814,2146.2912327150666,1020253,,Centro Norte
2021-06-15,1230.725963219451,3824.112833074273,2602.033059879047,1020253,,Centro Norte
2021-06-16,1596.2941652722004,4362.053497384127,2969.0216798474466,1020253,,Centro Norte
2021-06-17,2035.990488041437,4686.416316591489,3415.2149127368853,1020253,,Centro Norte
2021-06-11,-80.17627325068335,1028.6323783003982,480.6887421274015,1020042,,Centro Norte
2021-06-12,-292.19206876039283,835.2059665550315,261.73859247899895,1020042,,Centro Norte
2021-06-13,-349.6968871200944,710.2818944322537,163.28024931643358,1020042,,Centro Norte
2021-06-14,-444.80041486495145,630.3432860858906,101.83706942524438,1020042,,Centro Norte
2021-06-15,-196.41707547265443,834.0993795982123,338.14680103945534,1020042,,Centro Norte
2021-06-16,-38.159949880600344,1030.1511715053398,493.1667954940408,1020042,,Centro Norte
2021-06-17,-209.85450064691662,929.7938170500303,378.4210032240543,1020042,,Centro Norte
2021-06-11,2924.6948861829223,5855.329869533226,4365.043649153322,1020027,,Centro Norte
2021-06-12,1507.7573673280551,4360.152391756099,2913.8434125324643,1020027,,Centro Norte
2021-06-13,-1257.852244484342,1697.1704760196876,245.62028607270804,1020027,,Centro Norte
2021-06-14,929.7808572171,3762.6568196584362,2345.1138905755724,1020027,,Centro Norte
2021-06-15,2109.8032926801093,4974.594257082013,3553.9228890137656,1020027,,Centro Norte
2021-06-16,2490.640469955988,5349.655656385165,3866.548161145962,1020027,,Centro Norte
2021-06-17,3066.0798708154202,5919.869708872373,4450.545468347654,1020027,,Centro Norte
2021-06-11,7812.407225090235,15063.423331311013,11282.853859883653,1020013,,Centro Norte
2021-06-12,2855.797089763199,10484.902192085412,6732.165538868266,1020013,,Centro Norte
2021-06-13,-3861.5588816876125,3517.3201797844695,-314.514071326922,1020013,,Centro Norte
2021-06-14,1448.176987304165,8660.765502495851,4788.671682317316,1020013,,Centro Norte
2021-06-15,4251.47368173389,11552.553971030853,7698.429534597981,1020013,,Centro Norte
2021-06-16,5116.472101237881,12615.918756148505,8963.22024729865,1020013,,Centro Norte
2021-06-17,4746.961813882492,12314.450386268207,8476.53321050539,1020013,,Centro Norte
2021-06-11,3467.5405658038826,6807.352544004073,5174.848039496352,1020010,,Centro Norte
2021-06-12,1690.2678321191152,5109.216226770852,3457.6896140969534,1020010,,Centro Norte
2021-06-13,-818.2560065983655,2802.741506907244,921.3494506755574,1020010,,Centro Norte
2021-06-14,1388.4795545102086,4794.883932406799,3186.031619841724,1020010,,Centro Norte
2021-06-15,2839.5772108919327,6361.143441734626,4647.33147377877,1020010,,Centro Norte
2021-06-16,3376.3172530483193,6899.196217557323,5100.967699724327,1020010,,Centro Norte
2021-06-17,3048.670224631881,6681.494298163253,4876.588844335149,1020010,,Centro Norte
2021-06-11,559.7861193337346,3188.883942415481,1879.2583086057184,1020003,,Centro Norte
2021-06-12,-134.4413958934276,2521.480520238626,1158.8449696446335,1020003,,Centro Norte
2021-06-13,-1522.3517052339391,1256.4097235315116,-133.55225787356017,1020003,,Centro Norte
2021-06-14,-722.8368552382643,1944.359230220072,588.9415950960278,1020003,,Centro Norte
2021-06-15,-117.2683001923224,2517.321139880082,1213.5916553070542,1020003,,Centro Norte
2021-06-16,244.1434650539903,2938.379360616974,1597.807336652308,1020003,,Centro Norte
2021-06-17,576.7085684135437,3218.226276783348,1895.7103878740254,1020003,,Centro Norte
2021-06-11,1923.4813352543156,4305.527362922244,3140.0745868131244,1020001,,Centro Norte
2021-06-12,867.7622615787639,3421.5516390627913,2173.2460858975714,1020001,,Centro Norte
2021-06-13,-579.4575903602332,1842.5669113266244,621.7403327155107,1020001,,Centro Norte
2021-06-14,232.8217873466464,2694.512869252912,1482.9503619113311,1020001,,Centro Norte
2021-06-15,983.8252250163056,3549.468073921787,2251.6177312817163,1020001,,Centro Norte
2021-06-16,1213.321847727608,3692.7506800278356,2420.506730154609,1020001,,Centro Norte
2021-06-17,1517.5333928458908,3978.754268585911,2774.9065229347007,1020001,,Centro Norte
2021-06-11,554.3850450645791,4316.233206324091,2464.723768369925,1010695,,Centro Norte
2021-06-12,-581.9457683186516,3262.8950866604955,1447.585674670649,1010695,,Centro Norte
2021-06-13,-1440.512784933732,2299.3856362574606,331.6926910668981,1010695,,Centro Norte
2021-06-14,-1447.0332788070518,2154.150031569698,432.86787773795277,1010695,,Centro Norte
2021-06-15,-182.7935589726685,3761.962283832139,1822.4995158638217,1010695,,Centro Norte
2021-06-16,-51.399041305369934,3693.8306065589304,1834.848207994316,1010695,,Centro Norte
2021-06-17,-156.22498805500928,3693.979907606676,1775.0529903370132,1010695,,Centro Norte
2021-06-11,4221.3621689915135,9536.197953138579,6793.987611322322,1010267,,Centro Norte
2021-06-12,1391.096516931517,6829.975364586738,4180.017718819099,1010267,,Centro Norte
2021-06-13,-2944.5751261055675,2500.7637598922042,-388.7606194459313,1010267,,Centro Norte
2021-06-14,1023.6805933837678,6222.376053447353,3610.9318927059885,1010267,,Centro Norte
2021-06-15,4678.895299344543,9995.05326411809,7299.339191705298,1010267,,Centro Norte
2021-06-16,3624.0587800096055,8963.163518080213,6183.188983000677,1010267,,Centro Norte
2021-06-17,3859.863408723651,9230.852598397363,6605.839301792177,1010267,,Centro Norte
2021-06-11,22763.954791669577,35647.99287527087,29023.295861405124,1010078,,Centro Norte
2021-06-12,9569.35018569274,22406.41445498052,16186.054543010001,1010078,,Centro Norte
2021-06-13,-4995.882332343736,8598.583380224472,1683.9346468047497,1010078,,Centro Norte
2021-06-14,7182.3695967973745,20098.637968313134,13784.673149350227,1010078,,Centro Norte
2021-06-15,12459.13238713556,25627.960954576956,19547.742865477085,1010078,,Centro Norte
2021-06-16,15382.271556240876,28654.997317956157,22062.968757285897,1010078,,Centro Norte
2021-06-17,17793.181118252378,30053.117861715993,23924.137599715134,1010078,,Centro Norte
2021-06-11,242.51492745625728,1655.8613614224234,931.3054810684463,1010077,,Centro Norte
2021-06-12,-437.4332405068513,1063.2037833680881,336.99168904808676,1010077,,Centro Norte
2021-06-13,-979.6842397959671,503.3891647036678,-221.2058553267252,1010077,,Centro Norte
2021-06-14,-520.4209779613308,1006.2118883137828,211.56355554836864,1010077,,Centro Norte
2021-06-15,-93.77764694795663,1449.4525811489953,694.7067730351857,1010077,,Centro Norte
2021-06-16,9.864396228623969,1526.3429050843038,773.603320548624,1010077,,Centro Norte
2021-06-17,250.8155257446155,1735.758666382532,1025.6612790319873,1010077,,Centro Norte
2021-06-11,5153.771214655825,13464.168249528786,9032.497244978014,1010048,,Centro Norte
2021-06-12,-794.1804345759058,8091.568528440506,3515.8622322296255,1010048,,Centro Norte
2021-06-13,-8731.877308556526,220.6692822531909,-4315.590443392213,1010048,,Centro Norte
2021-06-14,-1802.9109679024582,6680.284381361693,2525.982653639817,1010048,,Centro Norte
2021-06-15,338.2525823622481,9004.927194426682,4666.246824167802,1010048,,Centro Norte
2021-06-16,1520.1250128601991,10191.585185097338,5981.194409156761,1010048,,Centro Norte
2021-06-17,2808.309731586365,10787.126962487098,6679.767159907327,1010048,,Centro Norte
2021-06-11,3140.220528798379,8015.844147860899,5619.592618602118,1010002,,Centro Norte
2021-06-12,335.2974115803726,4924.6818509504,2566.5046226261397,1010002,,Centro Norte
2021-06-13,-3886.566066851166,836.9932239241424,-1558.2754012357564,1010002,,Centro Norte
2021-06-14,-654.3064586220556,3988.2877231164107,1632.6885061445005,1010002,,Centro Norte
2021-06-15,672.4349744217501,5388.754334554197,3094.9667556186796,1010002,,Centro Norte
2021-06-16,1330.3234665675923,6404.382462806329,3805.130727803113,1010002,,Centro Norte
2021-06-17,2768.202765683357,7310.807640286135,5041.27174476773,1010002,,Centro Norte
2021-06-11,3918.386247149425,7364.516218174647,5596.715106871667,1020253,,Centro Sur
2021-06-12,2695.5437097613535,6189.286421245704,4502.796888637653,1020253,,Centro Sur
2021-06-13,725.9480691691053,3845.3254405101193,2261.725958998666,1020253,,Centro Sur
2021-06-14,1874.6794976636456,5496.30727298353,3674.7264084778453,1020253,,Centro Sur
2021-06-15,2405.1048852803233,5969.474965776003,4207.16726612454,1020253,,Centro Sur
2021-06-16,3294.4330209783316,6617.511896495511,4934.299660809458,1020253,,Centro Sur
2021-06-17,3205.8094185134055,6681.32158129152,4850.662903745693,1020253,,Centro Sur
2021-06-11,1348.6535659223919,3576.203905867429,2520.298935453259,1020042,,Centro Sur
2021-06-12,740.9031313724199,3052.8167937061767,1904.46923273523,1020042,,Centro Sur
2021-06-13,-2093.606797507916,225.87935520486442,-924.7038967394612,1020042,,Centro Sur
2021-06-14,203.17808306305676,2416.194373043082,1318.08198175915,1020042,,Centro Sur
2021-06-15,1009.9107824872103,3169.5176735484047,2027.977720464477,1020042,,Centro Sur
2021-06-16,589.7528260610197,2794.8997766848356,1708.3334691926964,1020042,,Centro Sur
2021-06-17,1099.9893481187491,3276.037628413016,2164.5741569136057,1020042,,Centro Sur
2021-06-11,4307.658689909456,8075.688809231748,6211.959828414443,1020027,,Centro Sur
2021-06-12,3278.6387238602592,7105.315682703753,5180.686678192762,1020027,,Centro Sur
2021-06-13,-1052.8286755164,2559.376438893006,738.0987491516557,1020027,,Centro Sur
2021-06-14,1967.83320205041,5384.097408982696,3636.4244004009292,1020027,,Centro Sur
2021-06-15,2996.275316173563,6776.81186390676,4855.570817659569,1020027,,Centro Sur
2021-06-16,3760.2604134928906,7377.256269949148,5596.898630658778,1020027,,Centro Sur
2021-06-17,3324.2753045590416,7044.6399441072,5104.686138724305,1020027,,Centro Sur
2021-06-11,21285.486526446257,36948.16555137508,28966.000811937207,1020013,,Centro Sur
2021-06-12,13208.705057883728,29131.912670512575,21260.164169986878,1020013,,Centro Sur
2021-06-13,-10004.125569516524,5083.5166051672495,-2459.8767466630197,1020013,,Centro Sur
2021-06-14,4599.872092615988,20727.252252747916,12885.516309823965,1020013,,Centro Sur
2021-06-15,10543.907894274898,25416.444754530025,17956.205159875506,1020013,,Centro Sur
2021-06-16,14294.916674779253,29599.65887736207,22010.581041622863,1020013,,Centro Sur
2021-06-17,15744.177799729003,30673.675781847152,23213.691887589113,1020013,,Centro Sur
2021-06-11,8872.333117431966,15673.004008313033,12128.860039874035,1020010,,Centro Sur
2021-06-12,7258.509163601555,13931.517867344659,10762.714854436408,1020010,,Centro Sur
2021-06-13,-1204.2823582409098,5491.585032549668,2045.4643204899157,1020010,,Centro Sur
2021-06-14,5433.543728656764,12139.398094823688,8657.87664420254,1020010,,Centro Sur
2021-06-15,7979.987170882686,14555.973496008959,11330.06807197333,1020010,,Centro Sur
2021-06-16,7921.674413808141,14429.306475743886,11281.899286731925,1020010,,Centro Sur
2021-06-17,9502.147370626053,16412.357698541593,12686.050780223328,1020010,,Centro Sur
2021-06-11,812.1155921342838,3877.5988045144622,2357.7361269042094,1020003,,Centro Sur
2021-06-12,680.6228765887934,3666.495235468761,2204.431521009198,1020003,,Centro Sur
2021-06-13,-2674.1558733862444,476.64281276726643,-1027.1121885827704,1020003,,Centro Sur
2021-06-14,-653.7997191554708,2311.9214594604105,860.9235369766868,1020003,,Centro Sur
2021-06-15,193.606764516033,3309.83344320452,1820.3210774510667,1020003,,Centro Sur
2021-06-16,363.81814635898195,3415.0088816890643,1898.3543999467504,1020003,,Centro Sur
2021-06-17,681.3178508604736,3826.49537347763,2305.0300189049976,1020003,,Centro Sur
2021-06-11,3593.483770768534,6807.48383652906,5198.260322138281,1020001,,Centro Sur
2021-06-12,3028.6144030457763,6354.658471685143,4709.5094304423765,1020001,,Centro Sur
2021-06-13,-986.0944356887841,2185.5815143363184,510.9653692756888,1020001,,Centro Sur
2021-06-14,1732.5551353992532,5216.301808527415,3495.611818360354,1020001,,Centro Sur
2021-06-15,2604.3629227809743,5816.749351996485,4241.644640519086,1020001,,Centro Sur
2021-06-16,2532.7209875957333,5929.292982025745,4205.8569144809935,1020001,,Centro Sur
2021-06-17,2935.0609380565497,6213.4767633151505,4535.195216006205,1020001,,Centro Sur
2021-06-11,1086.8837779649705,6067.203547588973,3558.6689191197943,1010695,,Centro Sur
2021-06-12,-300.9193423710697,4786.974513787424,2337.5632544590653,1010695,,Centro Sur
2021-06-13,-1663.898716448493,3310.872313010214,819.4190306273442,1010695,,Centro Sur
2021-06-14,-923.2125937459683,4113.684942332474,1754.2273859417855,1010695,,Centro Sur
2021-06-15,-466.8413301615272,4685.888705459007,2077.2321608446246,1010695,,Centro Sur
2021-06-16,440.26602925164343,5315.939477623526,2834.3419642662348,1010695,,Centro Sur
2021-06-17,338.8778448112726,5138.965832320721,2763.824958728161,1010695,,Centro Sur
2021-06-11,6119.831964026888,12388.12870882381,9221.663421343594,1010267,,Centro Sur
2021-06-12,3849.508779803213,10581.385220745578,7237.736851142964,1010267,,Centro Sur
2021-06-13,-3651.1558032803396,3146.0406497577437,-388.4309864676534,1010267,,Centro Sur
2021-06-14,3064.275121556243,9782.354983931933,6431.067014548162,1010267,,Centro Sur
2021-06-15,5723.298918086063,12296.767352067964,9098.464332039935,1010267,,Centro Sur
2021-06-16,5866.533118584973,12276.311978925709,8950.968489827426,1010267,,Centro Sur
2021-06-17,5545.899147715714,11927.128594331394,8608.29945477773,1010267,,Centro Sur
2021-06-11,42768.649548444926,68358.74270157231,55651.51515374233,1010078,,Centro Sur
2021-06-12,26783.491607989043,50807.33747883272,38577.565947228795,1010078,,Centro Sur
2021-06-13,-10494.11561246884,15183.298312005754,1834.4339426691513,1010078,,Centro Sur
2021-06-14,16433.36606135846,41527.16995014462,28453.719168658707,1010078,,Centro Sur
2021-06-15,24571.222518993374,48484.94819376869,36892.41402563546,1010078,,Centro Sur
2021-06-16,29059.581019212645,54317.15261045241,42218.04334295592,1010078,,Centro Sur
2021-06-17,30689.23674443407,56375.629320664346,43821.323912731925,1010078,,Centro Sur
2021-06-11,1509.2532777717586,3937.7898983771356,2678.9185281916075,1010077,,Centro Sur
2021-06-12,783.7128434877801,3220.944709188469,2044.8844430988395,1010077,,Centro Sur
2021-06-13,-1540.4402032585174,910.9769717615976,-338.79380855705995,1010077,,Centro Sur
2021-06-14,86.04893787782383,2410.6456656526598,1200.2859253488284,1010077,,Centro Sur
2021-06-15,640.7322096585513,3015.3171320175334,1879.9452443873693,1010077,,Centro Sur
2021-06-16,999.4889391506306,3432.850409737758,2265.6066563006143,1010077,,Centro Sur
2021-06-17,1282.2068682599815,3726.708324201167,2482.410826985573,1010077,,Centro Sur
2021-06-11,5894.357458535777,17092.653704745157,11881.568222564458,1010048,,Centro Sur
2021-06-12,2251.4006588005805,13101.632297937946,7569.058290231498,1010048,,Centro Sur
2021-06-13,-11733.231048780503,-619.286972404256,-5920.557641130157,1010048,,Centro Sur
2021-06-14,-692.0514660833082,9747.802832113137,4663.545258721698,1010048,,Centro Sur
2021-06-15,1239.0805905637421,12397.252079798087,6958.785869270685,1010048,,Centro Sur
2021-06-16,3210.220045478721,14176.523566486576,8759.791605209153,1010048,,Centro Sur
2021-06-17,4119.303974358258,15214.885717945372,9591.920016308524,1010048,,Centro Sur
2021-06-11,1877.7479696786054,7070.680600381407,4521.72271802168,1010002,,Centro Sur
2021-06-12,-125.7816246760984,4999.50652851334,2426.0672944077714,1010002,,Centro Sur
2021-06-13,-5014.260409254531,292.47806284166126,-2217.525848420554,1010002,,Centro Sur
2021-06-14,-1738.0142770447094,3299.938618398693,828.6003466010866,1010002,,Centro Sur
2021-06-15,-477.9855296355086,4447.4275225433685,1895.7442149521867,1010002,,Centro Sur
2021-06-16,703.5971866059963,5825.431045132007,3410.5153058924543,1010002,,Centro Sur
2021-06-17,852.7184150853711,5871.748118965311,3389.5776092944748,1010002,,Centro Sur
2021-06-11,1287.2222250940765,3185.343703136125,2226.021481141899,1020253,,Sur
2021-06-12,907.97361468404,2791.231804496571,1885.0839805219773,1020253,,Sur
2021-06-13,272.7705509597978,2109.4948603298676,1206.6726522279848,1020253,,Sur
2021-06-14,770.3406939131646,2671.8755144007628,1735.1918686761576,1020253,,Sur
2021-06-15,869.8386056745946,2721.857324996327,1836.999982116794,1020253,,Sur
2021-06-16,1016.0171868671001,2876.2556811062877,1936.5727004016344,1020253,,Sur
2021-06-17,1126.9183802769494,2997.384915312424,2088.939993727085,1020253,,Sur
2021-06-11,1157.7143758719487,3142.448050532299,2125.235467414601,1020042,,Sur
2021-06-12,335.49042379930546,2366.8915404542445,1355.8495833444824,1020042,,Sur
2021-06-13,-1971.1524279774128,66.44302702079207,-956.9206523965668,1020042,,Sur
2021-06-14,405.29532377193993,2462.533984510646,1500.2506348285697,1020042,,Sur
2021-06-15,868.644416696499,2789.069632512298,1833.1282691124748,1020042,,Sur
2021-06-16,412.62360549245625,2435.9496013809107,1426.7357111487577,1020042,,Sur
2021-06-17,627.0642067385708,2627.8938082899012,1695.6705237892743,1020042,,Sur
2021-06-11,3000.968071968176,7159.533294404415,5096.969947605183,1020027,,Sur
2021-06-12,2616.663912954953,6698.700453637789,4708.401575745328,1020027,,Sur
2021-06-13,-1038.0234498897694,3128.1588073146095,1046.9238671045364,1020027,,Sur
2021-06-14,1741.566339442502,6128.9818542481635,3880.2384292169427,1020027,,Sur
2021-06-15,3220.850878848284,7424.3054175992875,5362.904604480212,1020027,,Sur
2021-06-16,2536.6191427290896,6756.718361954984,4709.392026847684,1020027,,Sur
2021-06-17,3422.6067451071217,7701.472130226301,5492.390249601797,1020027,,Sur
2021-06-11,4155.422969367219,10585.109638801667,7204.76392052403,1020013,,Sur
2021-06-12,3318.55748834962,9425.235508895392,6393.038436439094,1020013,,Sur
2021-06-13,-2459.5487888505936,3834.5720083130673,607.8419481629771,1020013,,Sur
2021-06-14,2023.3772862896435,8476.446046516914,5155.467388380734,1020013,,Sur
2021-06-15,3438.005049778589,9941.905928227692,6608.030656780933,1020013,,Sur
2021-06-16,3571.1591598134382,9992.279740908789,6854.375621542091,1020013,,Sur
2021-06-17,4961.4834135456385,11579.89783379158,8151.0679754464745,1020013,,Sur
2021-06-11,1804.869750072762,5496.989161759224,3603.6930854661537,1020010,,Sur
2021-06-12,1149.0483323394592,5006.736329439569,3127.2442123748633,1020010,,Sur
2021-06-13,-1267.0837951627987,2624.7904671047436,765.9809981412914,1020010,,Sur
2021-06-14,1135.3245028462056,5048.847505803181,3011.910600838728,1020010,,Sur
2021-06-15,1853.6262826077996,5665.9153569636455,3789.4107012904024,1020010,,Sur
2021-06-16,1761.7650330592915,5491.990320928627,3574.1646729703134,1020010,,Sur
2021-06-17,2194.9038469103034,6049.561762935123,4152.2059375299805,1020010,,Sur
2021-06-11,-240.88761478698754,1992.8731933454021,894.4244654365592,1020003,,Sur
2021-06-12,-316.21018454462927,1847.7485211276248,701.397083543962,1020003,,Sur
2021-06-13,-541.3095844965114,1564.8111384969823,484.94853376575605,1020003,,Sur
2021-06-14,-830.2332629229763,1371.081623551408,286.7234758847005,1020003,,Sur
2021-06-15,-592.6615621595262,1535.3278602038713,437.2507164158337,1020003,,Sur
2021-06-16,-427.9018504188935,1709.685905864468,707.0767604269091,1020003,,Sur
2021-06-17,-205.29343068211443,1940.628416021328,902.8163245252404,1020003,,Sur
2021-06-11,1029.2588234778116,3742.147887599274,2327.108083670447,1020001,,Sur
2021-06-12,1052.5483875179712,3776.708892182085,2386.103180691105,1020001,,Sur
2021-06-13,-746.390855269505,1799.4709067322374,541.7531772699813,1020001,,Sur
2021-06-14,278.90299119155947,3047.922090341448,1670.5289145720658,1020001,,Sur
2021-06-15,544.4575845138367,3186.214154873382,1847.389373084773,1020001,,Sur
2021-06-16,888.8488504409091,3603.941634904404,2168.660266125832,1020001,,Sur
2021-06-17,1325.0094244784768,4020.3459104170915,2540.8863446948835,1020001,,Sur
2021-06-11,101.25058052069612,3327.651848020744,1707.6359727287054,1010695,,Sur
2021-06-12,-378.3600138290239,3080.057742549687,1304.24444705463,1010695,,Sur
2021-06-13,-2131.2275986527306,1164.6057537803406,-507.8641337288145,1010695,,Sur
2021-06-14,-271.77246552362686,2900.3217724568776,1276.4145922535456,1010695,,Sur
2021-06-15,-317.1536860980442,3058.274026782875,1436.4273827361656,1010695,,Sur
2021-06-16,-102.98715633107952,3237.652286398655,1600.368151993126,1010695,,Sur
2021-06-17,-55.755275575540246,3385.216031520277,1646.9008597692427,1010695,,Sur
2021-06-11,3090.8437637765514,6926.275758229605,5003.180354048414,1010267,,Sur
2021-06-12,2255.587431193303,5867.600437182397,4026.5993466824943,1010267,,Sur
2021-06-13,-1091.5154138478351,2738.215811104075,786.8874957035409,1010267,,Sur
2021-06-14,1586.056078928633,5403.145297231067,3456.6093982498523,1010267,,Sur
2021-06-15,3163.4159007237545,6719.683453192927,4956.196479421417,1010267,,Sur
2021-06-16,2976.357579237382,6708.517984168371,4846.144833790169,1010267,,Sur
2021-06-17,2686.0507304899143,6410.585521766557,4566.168286690039,1010267,,Sur
2021-06-11,16436.535514744035,28675.505136840828,22511.78969091641,1010078,,Sur
2021-06-12,11686.066275972224,23524.417812040323,17668.761004851673,1010078,,Sur
2021-06-13,-1899.873273565115,9803.083932760548,3915.7298578802765,1010078,,Sur
2021-06-14,11781.994117659595,23610.631930677086,17708.38416623375,1010078,,Sur
2021-06-15,15574.51059696001,27318.88416965909,21433.341536030395,1010078,,Sur
2021-06-16,13719.011477175496,25180.83788559896,19390.80858401349,1010078,,Sur
2021-06-17,18650.99804328479,30476.359104820644,24483.198188245136,1010078,,Sur
2021-06-11,436.8622456755816,1392.1008814915663,899.3706909412539,1010077,,Sur
2021-06-12,42.586248395992804,1021.0595365458389,540.0641238338987,1010077,,Sur
2021-06-13,-630.030409954729,355.5176819495382,-149.2720910227738,1010077,,Sur
2021-06-14,116.22200375686498,1098.7916868254486,594.8373113505403,1010077,,Sur
2021-06-15,258.1333103539915,1227.972095745395,720.0543834369436,1010077,,Sur
2021-06-16,283.56061895810285,1261.6198631284185,749.8726980827433,1010077,,Sur
2021-06-17,483.21780876795816,1428.7682167796495,961.3212895232293,1010077,,Sur
2021-06-11,738.1744969720777,6980.821557997681,3685.0161456066435,1010048,,Sur
2021-06-12,317.48738263878215,6008.208927435473,3118.0246594573837,1010048,,Sur
2021-06-13,-4674.540483075045,1211.1880126955632,-1564.4928272745196,1010048,,Sur
2021-06-14,-1389.3959097631441,4436.108445085269,1624.0951331697265,1010048,,Sur
2021-06-15,-320.68705979208937,5399.1520814968,2508.4910281173507,1010048,,Sur
2021-06-16,596.2027699348405,6091.357208046565,3372.4346848431314,1010048,,Sur
2021-06-17,1359.1200020288825,6805.305797788477,4107.441198503378,1010048,,Sur
2021-06-11,1151.0250828395947,4546.741328706935,2757.476095691736,1010002,,Sur
2021-06-12,947.2653338576453,4318.808651321553,2611.9274099033846,1010002,,Sur
2021-06-13,-2340.3196143023465,1053.2151174592743,-692.4234632182252,1010002,,Sur
2021-06-14,288.23930469984634,3703.019334429758,2058.7750297610633,1010002,,Sur
2021-06-15,968.386059088401,4591.030805354383,2850.1958752823566,1010002,,Sur
2021-06-16,755.5850052325513,4213.796841195922,2549.5109609781543,1010002,,Sur
2021-06-17,1787.1940117913898,5213.201353051526,3536.7940977301446,1010002,,Sur
2021-06-11,152.5213208202427,968.9292843445573,555.963833838671,1020253,,Norte
2021-06-12,110.22480546123114,966.2687735015666,545.0371719819375,1020253,,Norte
2021-06-13,-177.54827088328292,637.5356241780863,231.82640368902844,1020253,,Norte
2021-06-14,-140.47528307411827,681.7993246849016,283.33971598667347,1020253,,Norte
2021-06-15,-45.942898046993925,801.553624733091,378.34775614967486,1020253,,Norte
2021-06-16,19.515813310719516,788.436135950886,413.13279043662646,1020253,,Norte
2021-06-17,73.18048364343015,902.4808782472654,493.7096313627612,1020253,,Norte
2021-06-11,925.8207226501175,2610.0155858863177,1755.0683572908038,1020027,,Norte
2021-06-12,908.5905888512866,2495.0658036931736,1721.6782127007377,1020027,,Norte
2021-06-13,-230.15393779623946,1463.4756782354266,610.564307612405,1020027,,Norte
2021-06-14,247.20694969241362,1919.2111762477957,1088.7464994307227,1020027,,Norte
2021-06-15,738.21547023982,2357.4099059262335,1530.5630260691778,1020027,,Norte
2021-06-16,724.299835086669,2331.8422293607077,1561.186797333799,1020027,,Norte
2021-06-17,698.5317442215384,2437.2119843349915,1581.9683793241697,1020027,,Norte
2021-06-11,609.0773182633553,3021.676257528434,1873.511657391789,1020013,,Norte
2021-06-12,771.4574600832544,3118.817092341772,1886.8899357269563,1020013,,Norte
2021-06-13,-667.6506218591601,1614.9444603379156,531.5797945071267,1020013,,Norte
2021-06-14,-307.9374716278029,2038.5418828633772,859.5184520989349,1020013,,Norte
2021-06-15,218.58301141853227,2623.4389169556566,1433.3489990892408,1020013,,Norte
2021-06-16,135.97916719461907,2684.5737190982363,1468.6435212420886,1020013,,Norte
2021-06-17,327.0134760229193,2771.4631851930535,1613.0109888831644,1020013,,Norte
2021-06-11,1029.4126239199493,2310.569043661307,1683.2280757197354,1020010,,Norte
2021-06-12,821.2879749867682,2054.749581435327,1432.5396381671194,1020010,,Norte
2021-06-13,-324.1229126456765,832.9332940669132,216.8304095053793,1020010,,Norte
2021-06-14,510.2874341817217,1685.0100180844909,1105.5726947047324,1020010,,Norte
2021-06-15,837.3972812670137,2021.1438277475318,1419.789309678828,1020010,,Norte
2021-06-16,690.2206948563196,1950.8244332305737,1315.6660416312498,1020010,,Norte
2021-06-17,917.2938255118452,2139.8286827882753,1535.2875317853898,1020010,,Norte
2021-06-11,207.48393106346413,871.292503842313,538.0268289396648,1020003,,Norte
2021-06-12,113.5039629025603,849.0294771547104,482.71175833191876,1020003,,Norte
2021-06-13,-206.63958228591704,537.4087021379215,155.44190604576858,1020003,,Norte
2021-06-14,-114.05175586517284,582.1580372629578,241.15093041083963,1020003,,Norte
2021-06-15,103.98445544144134,788.3867493220174,458.9462525851268,1020003,,Norte
2021-06-16,94.14938142208679,780.2676601815073,441.2541509094636,1020003,,Norte
2021-06-17,110.39396733840064,821.5804219320293,460.56803395322993,1020003,,Norte
2021-06-11,229.04187999232482,1394.6177254578058,806.8047747498681,1020001,,Norte
2021-06-12,325.27917314395273,1470.5430550572366,897.825871330214,1020001,,Norte
2021-06-13,-387.5644212074048,698.2986415156214,141.90332090540613,1020001,,Norte
2021-06-14,-200.3427596186161,1010.5460254976748,384.17761585246404,1020001,,Norte
2021-06-15,-7.981894023946134,1220.4358680219611,571.8851245105327,1020001,,Norte
2021-06-16,149.9992507311314,1254.6247666209206,701.3289997487188,1020001,,Norte
2021-06-17,99.27827909055928,1338.3520464250914,716.1683919293724,1020001,,Norte
2021-06-11,-441.0939828063932,825.9864183692304,186.02825205240703,1010695,,Norte
2021-06-12,-569.4403641339351,773.1267636316471,93.25561670101084,1010695,,Norte
2021-06-13,-2080.4850526410783,-879.8551746937891,-1468.4677550200665,1010695,,Norte
2021-06-14,-820.9813214495707,411.4929918537093,-192.5620648627849,1010695,,Norte
2021-06-15,-511.89074069661575,740.2891830312109,101.82734291641648,1010695,,Norte
2021-06-16,-717.4789571796123,570.486383203693,-111.61076212268935,1010695,,Norte
2021-06-17,-594.2957832336338,699.1515749711074,72.59117390250486,1010695,,Norte
2021-06-11,3084.46563882265,6655.173295299417,4832.013281678559,1010267,,Norte
2021-06-12,2165.1551968618105,5729.212702783884,3885.302020305575,1010267,,Norte
2021-06-13,-1585.3072757732923,1862.8051752762806,126.30796939262746,1010267,,Norte
2021-06-14,2126.4115316590314,5434.383464580139,3688.5513180985495,1010267,,Norte
2021-06-15,3057.1614459122434,6382.232406952426,4738.198238261751,1010267,,Norte
2021-06-16,2246.2674961989933,5525.018454791352,3901.7966773484636,1010267,,Norte
2021-06-17,2857.0165129151674,6206.830571340502,4501.230084107351,1010267,,Norte
2021-06-11,13172.239083772647,24626.367816706257,18541.529193697384,1010078,,Norte
2021-06-12,10233.740501526541,21125.2105243985,15294.827366833297,1010078,,Norte
2021-06-13,-3052.834251788535,8113.945918188143,2841.767126412982,1010078,,Norte
2021-06-14,3922.4223134747444,15809.62541842062,9895.979723999146,1010078,,Norte
2021-06-15,8586.257380171464,19979.59602572544,14407.05038626603,1010078,,Norte
2021-06-16,8756.991585693919,19957.26410266153,14407.792870708201,1010078,,Norte
2021-06-17,10029.614231152409,21292.184785487694,15920.748794652023,1010078,,Norte
2021-06-11,339.38351960805187,1121.6563526265309,734.42846439343,1010077,,Norte
2021-06-12,248.7214075124086,1032.768410421504,641.9402500521518,1010077,,Norte
2021-06-13,-513.7850126585787,287.95311572977243,-123.07426447773554,1010077,,Norte
2021-06-14,-175.04477917138308,645.2735420948701,234.67789849860173,1010077,,Norte
2021-06-15,31.78825236194337,873.7233721953569,452.3223664264903,1010077,,Norte
2021-06-16,180.87054104249415,1041.2462385062563,605.7392548408883,1010077,,Norte
2021-06-17,236.71302229171388,1014.4304268409234,624.0665374964836,1010077,,Norte
2021-06-11,3425.6016926983566,10685.639068001858,7095.711600568776,1010048,,Norte
2021-06-12,1026.3994665472712,8916.703130909078,4969.873741799162,1010048,,Norte
2021-06-13,-6376.939702532752,1241.606376790681,-2550.1832413735165,1010048,,Norte
2021-06-14,-1248.5675508215131,6370.370574645979,2604.8768744352137,1010048,,Norte
2021-06-15,789.7148739310476,8937.32102135997,4933.8700442912,1010048,,Norte
2021-06-16,1060.7617878645085,8507.983342953483,4844.941737775591,1010048,,Norte
2021-06-17,1873.4888216222985,9944.572632651023,5835.626189272352,1010048,,Norte
2021-06-11,3141.980208867285,7789.356499483337,5402.997866921234,1010002,,Norte
2021-06-12,1682.5998762583065,6187.496787615917,3967.5371994989036,1010002,,Norte
2021-06-13,-3352.618260540063,1384.016356223886,-961.6290458302656,1010002,,Norte
2021-06-14,520.8753629111507,4986.620218271392,2737.631015877715,1010002,,Norte
2021-06-15,1915.5562960552434,6662.360013477832,4319.57830746314,1010002,,Norte
2021-06-16,2088.0424532933735,6616.419326316842,4294.924498878014,1010002,,Norte
2021-06-17,3356.774940695209,7875.528728041417,5617.159626974687,1010002,,Norte
2021-06-02,748.4069627608953,850.735652043266,799.4643577020579,1020253,,Venta Directa
2021-06-03,770.10341498233,868.744123016988,819.5333634118979,1020253,,Venta Directa
2021-06-04,656.9261735070932,755.9709766018755,707.4741076402479,1020253,,Venta Directa
2021-06-05,-24607.72922560353,-24506.415949359423,-24553.8220462995,1020253,,Venta Directa
2021-06-06,-24554.038695041905,-24455.906694474623,-24503.992823040535,1020253,,Venta Directa
2021-06-07,905.8678946549941,1007.8735321523553,957.5525890853878,1020253,,Venta Directa
2021-06-08,1009.0725055042583,1107.7815678557827,1056.787213961048,1020253,,Venta Directa
2021-06-10,4425.811702140129,10621.226110255287,7494.232656309548,1010267,,Venta Directa
2021-06-11,4879.204980517851,11079.804585531381,7927.735673311216,1010267,,Venta Directa
2021-06-12,5062.073654166777,11243.143678320776,8257.781805294431,1010267,,Venta Directa
2021-06-13,5142.183595183622,11078.665882237001,8129.977757928013,1010267,,Venta Directa
2021-06-14,3651.214602837967,10011.361662068102,6930.09439845107,1010267,,Venta Directa
2021-06-15,7414.447231550718,13394.37649972846,10263.806429274333,1010267,,Venta Directa
2021-06-16,5572.182841298116,11852.243663634968,8702.297249854653,1010267,,Venta Directa
2021-06-09,531.1913314866315,1284.0153281249927,907.3000405981169,1010078,,Venta Directa
2021-06-10,586.884358809549,1338.2905822888613,967.1972496036042,1010078,,Venta Directa
2021-06-11,1238.8263892898685,2008.3592225739335,1614.9587359065779,1010078,,Venta Directa
2021-06-12,-975.503562936019,-177.46673281428224,-584.6557429458408,1010078,,Venta Directa
2021-06-13,-965.5350489790168,-220.5312933576919,-597.2383890735232,1010078,,Venta Directa
2021-06-14,399.754816872663,1148.8440922852596,774.8459980660493,1010078,,Venta Directa
2021-06-15,507.6356816965906,1264.95652223433,891.38234070074,1010078,,Venta Directa
2021-06-05,373.96881470099623,1603.2059329034748,985.3543205772622,1010048,,Venta Directa
2021-06-06,-383.03093428159815,770.7951741651289,195.28110859395065,1010048,,Venta Directa
2021-06-07,608.4805623283241,1780.4954492471552,1196.8906604263668,1010048,,Venta Directa
2021-06-08,765.9337835292969,1941.0467705653869,1358.5253701278793,1010048,,Venta Directa
2021-06-09,472.2831283020771,1686.5886915548451,1092.558297545209,1010048,,Venta Directa
2021-06-10,341.5494981959516,1556.706285943849,944.473239843479,1010048,,Venta Directa
2021-06-11,391.2050481052748,1580.51955764204,993.1610852857357,1010048,,Venta Directa
