Día natural,Predicción Inferior,Predicción Superior,Predicción central,Material,Sector,Tipo de cliente
2021-06-11,11820.481660933989,20820.422070517434,16362.465771076735,1020253,Cerdo,Tradicional
2021-06-12,8456.342115557763,18111.77613834834,13360.443015284558,1020253,Cerdo,Tradicional
2021-06-13,1865.2418792947776,11052.415594814167,6303.194323440183,1020253,Cerdo,Tradicional
2021-06-14,5988.744953792898,14822.419078005447,10386.701704543422,1020253,Cerdo,Tradicional
2021-06-15,7881.544931399835,17017.512966227114,12425.170827908025,1020253,Cerdo,Tradicional
2021-06-16,9495.881256179777,18691.354407575644,13969.462669907227,1020253,Cerdo,Tradicional
2021-06-17,10442.791669425504,19520.859029237214,14928.00438479317,1020253,Cerdo,Tradicional
2021-06-11,3500.082000228182,8289.97097613761,5913.521243376687,1020042,Cerdo,Tradicional
2021-06-12,1493.6568383606539,6379.3544534078455,3959.985931348461,1020042,Cerdo,Tradicional
2021-06-13,-5464.116754577946,-685.7854763611128,-3167.9923971716407,1020042,Cerdo,Tradicional
2021-06-14,293.3768456904849,5080.427417048139,2728.2809880595632,1020042,Cerdo,Tradicional
2021-06-15,2110.814388500857,7129.185021930028,4738.957760880717,1020042,Cerdo,Tradicional
2021-06-16,2096.8458159238467,6739.497030572949,4311.90656320624,1020042,Cerdo,Tradicional
2021-06-17,2415.7062585370554,7243.765316016074,4810.479703569279,1020042,Cerdo,Tradicional
2021-06-11,15359.316361730094,27878.241969478717,21556.418992650484,1020027,Cerdo,Tradicional
2021-06-12,11496.20308799435,23781.82123187436,17638.863755028164,1020027,Cerdo,Tradicional
2021-06-13,-3629.657850496247,8894.710956317027,2702.264349898094,1020027,Cerdo,Tradicional
2021-06-14,6186.309513975908,18500.96775650331,12531.544889705667,1020027,Cerdo,Tradicional
2021-06-15,13392.082847474489,25213.09967533609,18775.04274329317,1020027,Cerdo,Tradicional
2021-06-16,13708.307876902332,25761.566845861344,19786.974300389025,1020027,Cerdo,Tradicional
2021-06-17,14741.84029681783,26799.243251432425,20560.700112216757,1020027,Cerdo,Tradicional
2021-06-11,43161.518121927395,75184.79542069911,58797.87862673249,1020013,Cerdo,Tradicional
2021-06-12,27361.51707744409,58582.64947682405,43261.316191729406,1020013,Cerdo,Tradicional
2021-06-13,-16295.892293107388,12846.971703531866,-1177.1125641589242,1020013,Cerdo,Tradicional
2021-06-14,12959.849825856772,41898.231801462556,27892.69264994639,1020013,Cerdo,Tradicional
2021-06-15,26324.681149013235,56566.999263941325,41490.44571217165,1020013,Cerdo,Tradicional
2021-06-16,33433.06227200709,64587.70638089318,49036.050014214525,1020013,Cerdo,Tradicional
2021-06-17,35935.27548845137,67027.45426854756,51323.293542677675,1020013,Cerdo,Tradicional
2021-06-11,22852.64571586132,38956.929986312556,31426.234099529996,1020010,Cerdo,Tradicional
2021-06-12,17773.109696702217,34293.468465906044,26306.09524964984,1020010,Cerdo,Tradicional
2021-06-13,395.2579214950299,17663.747264478316,8877.487015530558,1020010,Cerdo,Tradicional
2021-06-14,14502.646421363976,30155.265842151573,22719.635999829527,1020010,Cerdo,Tradicional
2021-06-15,21194.443912208084,37230.046240984935,29513.424088281994,1020010,Cerdo,Tradicional
2021-06-16,23031.08285189937,38925.14913155555,30905.356652957464,1020010,Cerdo,Tradicional
2021-06-17,23772.736908457802,40650.90912716006,32759.931127447824,1020010,Cerdo,Tradicional
2021-06-11,3024.2567789097743,12865.029749083325,7984.02169171728,1020003,Cerdo,Tradicional
2021-06-12,1060.5753657414598,11708.331183947774,6450.198849722311,1020003,Cerdo,Tradicional
2021-06-13,-6053.358819111613,3848.478240653355,-1216.7113083793056,1020003,Cerdo,Tradicional
2021-06-14,-2463.415989454207,7819.604370375855,2602.849984736384,1020003,Cerdo,Tradicional
2021-06-15,418.2977391424998,11316.747163841272,5528.127883783299,1020003,Cerdo,Tradicional
2021-06-16,1680.5103053601463,12254.229579638712,6973.353792892553,1020003,Cerdo,Tradicional
2021-06-17,2824.931259361004,13419.887553579423,8203.2833612962,1020003,Cerdo,Tradicional
2021-06-11,10585.689027048935,20941.931292147972,15470.668863188854,1020001,Cerdo,Tradicional
2021-06-12,8154.590987948288,18250.675315678873,13189.288073363969,1020001,Cerdo,Tradicional
2021-06-13,-2566.733878699395,7534.572530263018,2463.2390636172713,1020001,Cerdo,Tradicional
2021-06-14,3921.0604937720354,14048.909604737728,8668.641393382835,1020001,Cerdo,Tradicional
2021-06-15,6960.9295372631905,16972.921605838652,11956.948285899085,1020001,Cerdo,Tradicional
2021-06-16,7749.4464575049715,17536.155070742614,12602.101291297538,1020001,Cerdo,Tradicional
2021-06-17,8762.809515057881,18093.870582886677,13595.700667213701,1020001,Cerdo,Tradicional
2021-06-11,5296.034435331579,24330.461461013037,14460.589966752457,1010695,Pollo,Tradicional
2021-06-12,1685.8092287609572,19357.568382274556,10829.8626801868,1010695,Pollo,Tradicional
2021-06-13,-7924.266945143076,10716.61583103118,1289.2017255409883,1010695,Pollo,Tradicional
2021-06-14,-2229.851081333855,16064.638118961515,7281.83045018157,1010695,Pollo,Tradicional
2021-06-15,2616.234364280654,20907.25627878576,11708.931009166437,1010695,Pollo,Tradicional
2021-06-16,4325.906898170004,23478.937829244755,14275.134656264723,1010695,Pollo,Tradicional
2021-06-17,4580.6841876557955,23261.04191312762,13867.257243249614,1010695,Pollo,Tradicional
2021-06-11,30491.953481233617,59991.189356320734,44743.92271400595,1010267,Pollo,Tradicional
2021-06-12,11696.134778332866,40708.56138534966,26588.402968891904,1010267,Pollo,Tradicional
2021-06-13,-19696.550602883253,11090.057375488457,-4040.38890399049,1010267,Pollo,Tradicional
2021-06-14,15012.115857013032,43324.37626301653,29217.475958847837,1010267,Pollo,Tradicional
2021-06-15,31497.911211254646,62642.31914792512,47547.885072044235,1010267,Pollo,Tradicional
2021-06-16,29271.564232693763,58114.69289786213,43656.91364286035,1010267,Pollo,Tradicional
2021-06-17,28477.667688937534,58195.91496850266,43144.29689849984,1010267,Pollo,Tradicional
2021-06-11,132039.493451189,200866.7958378949,166036.47692013788,1010078,Pollo,Tradicional
2021-06-12,79577.75814776636,150044.50947031614,115539.26212010773,1010078,Pollo,Tradicional
2021-06-13,-18621.789363714146,46664.10584395082,14264.681740697517,1010078,Pollo,Tradicional
2021-06-14,54198.261593790296,121341.40851372086,87064.9527812688,1010078,Pollo,Tradicional
2021-06-15,93395.88974477707,157504.3901319278,123637.23369523819,1010078,Pollo,Tradicional
2021-06-16,98533.73804540656,167038.1745634323,133410.92711297958,1010078,Pollo,Tradicional
2021-06-17,111380.45443944784,177281.78301274497,145240.17354939977,1010078,Pollo,Tradicional
2021-06-11,3799.316504015964,10130.560092479158,6912.978534549762,1010077,Pollo,Tradicional
2021-06-12,1966.8495052254536,7757.632116041241,4911.143809965499,1010077,Pollo,Tradicional
2021-06-13,-4498.922278972242,1534.7248499421285,-1596.827916938354,1010077,Pollo,Tradicional
2021-06-14,180.789075754173,5971.246076260468,3023.816191105886,1010077,Pollo,Tradicional
2021-06-15,1640.7825579794046,7605.393522831004,4673.028905375671,1010077,Pollo,Tradicional
2021-06-16,2778.965167692794,8565.40567742031,5606.207654802764,1010077,Pollo,Tradicional
2021-06-17,3469.0403761136654,9688.454864510471,6516.330512011971,1010077,Pollo,Tradicional
2021-06-11,24168.834711021034,65165.29372888522,45106.943355553376,1010048,Pollo,Tradicional
2021-06-12,5552.731254806696,45623.359538720884,25055.318879895916,1010048,Pollo,Tradicional
2021-06-13,-44068.371532413534,-3429.575785407701,-23638.605273460926,1010048,Pollo,Tradicional
2021-06-14,-7594.649182398293,32669.310623168378,13168.692738358051,1010048,Pollo,Tradicional
2021-06-15,6569.693936514085,48714.37771898766,28267.269012430716,1010048,Pollo,Tradicional
2021-06-16,14585.506203111936,55001.522012885405,34498.88203945074,1010048,Pollo,Tradicional
2021-06-17,17802.618932227517,59469.70431252725,38359.618375154474,1010048,Pollo,Tradicional
2021-06-11,23696.81597362672,46912.372501205486,35293.83533188389,1010002,Pollo,Tradicional
2021-06-12,11160.090512938252,33264.22127462887,22354.35256884182,1010002,Pollo,Tradicional
2021-06-13,-20875.529087478848,2091.3057879789,-10051.71051817802,1010002,Pollo,Tradicional
2021-06-14,287.73349269936796,21856.723459337056,10960.31121447419,1010002,Pollo,Tradicional
2021-06-15,10897.831640948654,33534.543844996966,21861.555753663142,1010002,Pollo,Tradicional
2021-06-16,14580.75848874777,35872.69289821602,25420.882934857676,1010002,Pollo,Tradicional
2021-06-17,20346.226901471622,41811.83715021411,31171.88031295473,1010002,Pollo,Tradicional
2021-06-11,11547.112147936572,20774.680914742305,16362.465771076735,1020253,Cerdo,Industriales
2021-06-12,9072.887927635966,18083.213841864086,13360.443015284558,1020253,Cerdo,Industriales
2021-06-13,1674.2677465724612,10659.122751289682,6303.194323440183,1020253,Cerdo,Industriales
2021-06-14,6261.700664359457,15498.695183861764,10386.701704543422,1020253,Cerdo,Industriales
2021-06-15,7938.852944991413,16896.229073484203,12425.170827908025,1020253,Cerdo,Industriales
2021-06-16,9495.723572027933,18359.531924894025,13969.462669907227,1020253,Cerdo,Industriales
2021-06-17,9780.36166884545,19440.44579195384,14928.00438479317,1020253,Cerdo,Industriales
2021-06-11,3387.6356532532895,8567.03436872434,5913.521243376687,1020042,Cerdo,Industriales
2021-06-12,1441.255735491614,6310.1810763342255,3959.985931348461,1020042,Cerdo,Industriales
2021-06-13,-5637.168278982498,-634.9217052375512,-3167.9923971716407,1020042,Cerdo,Industriales
2021-06-14,290.1075376435779,5047.972932753921,2728.2809880595632,1020042,Cerdo,Industriales
2021-06-15,2300.198391294961,7229.237004037377,4738.957760880717,1020042,Cerdo,Industriales
2021-06-16,1814.2423347324018,6919.539172748954,4311.90656320624,1020042,Cerdo,Industriales
2021-06-17,2337.8938469396176,7152.2552992924775,4810.479703569279,1020042,Cerdo,Industriales
2021-06-11,15582.666635864287,27624.474362981462,21556.418992650484,1020027,Cerdo,Industriales
2021-06-12,12358.801199087833,23544.839915005905,17638.863755028164,1020027,Cerdo,Industriales
2021-06-13,-3454.886707053704,8466.682252735784,2702.264349898094,1020027,Cerdo,Industriales
2021-06-14,6382.671802263966,18630.40038160383,12531.544889705667,1020027,Cerdo,Industriales
2021-06-15,12427.3170790431,24923.42784150296,18775.04274329317,1020027,Cerdo,Industriales
2021-06-16,13546.7970745756,25379.506612795412,19786.974300389025,1020027,Cerdo,Industriales
2021-06-17,14981.310420014222,26297.381156800206,20560.700112216757,1020027,Cerdo,Industriales
2021-06-11,43846.363354408204,73618.02854820501,58797.87862673249,1020013,Cerdo,Industriales
2021-06-12,28076.836138992232,58709.40232546026,43261.316191729406,1020013,Cerdo,Industriales
2021-06-13,-17119.15324479876,14415.224357879883,-1177.1125641589242,1020013,Cerdo,Industriales
2021-06-14,11394.081706535737,42402.31083142156,27892.69264994639,1020013,Cerdo,Industriales
2021-06-15,26567.076079943443,55752.165013259015,41490.44571217165,1020013,Cerdo,Industriales
2021-06-16,33454.6156029943,63596.042173263646,49036.050014214525,1020013,Cerdo,Industriales
2021-06-17,35395.40984361262,66000.08020315244,51323.293542677675,1020013,Cerdo,Industriales
2021-06-11,23885.273795550027,39330.52732465716,31426.234099529996,1020010,Cerdo,Industriales
2021-06-12,18255.753100886388,34074.23667181888,26306.09524964984,1020010,Cerdo,Industriales
2021-06-13,1085.4097218904074,17110.376308341554,8877.487015530558,1020010,Cerdo,Industriales
2021-06-14,14901.098430426331,30949.666611521723,22719.635999829527,1020010,Cerdo,Industriales
2021-06-15,21628.298374475216,38372.27240428329,29513.424088281994,1020010,Cerdo,Industriales
2021-06-16,22167.02622923644,38715.01040252551,30905.356652957464,1020010,Cerdo,Industriales
2021-06-17,24820.70655498387,41323.21539465565,32759.931127447824,1020010,Cerdo,Industriales
2021-06-11,2881.7355335742363,13269.41365194856,7984.02169171728,1020003,Cerdo,Industriales
2021-06-12,1391.9586067214684,11784.944318226952,6450.198849722311,1020003,Cerdo,Industriales
2021-06-13,-6469.22263117665,3780.7985567305777,-1216.7113083793056,1020003,Cerdo,Industriales
2021-06-14,-1995.3304416593462,7764.734139307664,2602.849984736384,1020003,Cerdo,Industriales
2021-06-15,778.2668159097824,10457.34550201879,5528.127883783299,1020003,Cerdo,Industriales
2021-06-16,1846.5117670800457,12209.619074547434,6973.353792892553,1020003,Cerdo,Industriales
2021-06-17,3040.6243621243766,13350.578727556303,8203.2833612962,1020003,Cerdo,Industriales
2021-06-11,10463.134752843782,20703.610449309195,15470.668863188854,1020001,Cerdo,Industriales
2021-06-12,8154.807020222613,18360.77637504884,13189.288073363969,1020001,Cerdo,Industriales
2021-06-13,-2734.5233622384744,7743.254965767918,2463.2390636172713,1020001,Cerdo,Industriales
2021-06-14,3351.203925408467,13692.496340507663,8668.641393382835,1020001,Cerdo,Industriales
2021-06-15,7086.661298900622,16830.897830815276,11956.948285899085,1020001,Cerdo,Industriales
2021-06-16,7603.915622946935,17692.641828123917,12602.101291297538,1020001,Cerdo,Industriales
2021-06-17,8739.850616285308,18526.632464775255,13595.700667213701,1020001,Cerdo,Industriales
2021-06-11,5449.066580093559,23905.562351454566,14460.589966752457,1010695,Pollo,Industriales
2021-06-12,746.6106126424347,19421.46381341622,10829.8626801868,1010695,Pollo,Industriales
2021-06-13,-7940.461991506651,10109.474889759837,1289.2017255409883,1010695,Pollo,Industriales
2021-06-14,-2001.1967003269456,15854.596405104967,7281.83045018157,1010695,Pollo,Industriales
2021-06-15,1818.1798931389262,20408.889505758896,11708.931009166437,1010695,Pollo,Industriales
2021-06-16,4201.834764793913,22855.854007352238,14275.134656264723,1010695,Pollo,Industriales
2021-06-17,4377.411333885932,22688.317824905138,13867.257243249614,1010695,Pollo,Industriales
2021-06-11,30178.715989433957,59334.72539890275,44743.92271400595,1010267,Pollo,Industriales
2021-06-12,10896.60915107819,40929.58498755815,26588.402968891904,1010267,Pollo,Industriales
2021-06-13,-20658.67101121884,11383.37759965135,-4040.38890399049,1010267,Pollo,Industriales
2021-06-14,14669.591659069052,44261.14957110206,29217.475958847837,1010267,Pollo,Industriales
2021-06-15,32320.33708856906,62277.14957739657,47547.885072044235,1010267,Pollo,Industriales
2021-06-16,29837.119523683516,59038.41450383605,43656.91364286035,1010267,Pollo,Industriales
2021-06-17,28495.06027591984,58323.903444773285,43144.29689849984,1010267,Pollo,Industriales
2021-06-11,132938.1453487202,199625.0509272578,166036.47692013788,1010078,Pollo,Industriales
2021-06-12,81304.85885289994,150496.2823037983,115539.26212010773,1010078,Pollo,Industriales
2021-06-13,-21220.42122676451,48012.2776105412,14264.681740697517,1010078,Pollo,Industriales
2021-06-14,54080.35953555063,123383.51215448735,87064.9527812688,1010078,Pollo,Industriales
2021-06-15,90501.36228414538,158849.50246713357,123637.23369523819,1010078,Pollo,Industriales
2021-06-16,100877.1700121366,168452.81723681602,133410.92711297958,1010078,Pollo,Industriales
2021-06-17,107420.58214710136,181346.60503379817,145240.17354939977,1010078,Pollo,Industriales
2021-06-11,4027.0360462343237,9930.910253543065,6912.978534549762,1010077,Pollo,Industriales
2021-06-12,1789.9691642473758,7855.647181019599,4911.143809965499,1010077,Pollo,Industriales
2021-06-13,-4614.67780276425,1310.8513595434886,-1596.827916938354,1010077,Pollo,Industriales
2021-06-14,23.173844531338805,6013.517947852898,3023.816191105886,1010077,Pollo,Industriales
2021-06-15,1577.4205837754357,7938.0021190325315,4673.028905375671,1010077,Pollo,Industriales
2021-06-16,2422.4383153559343,8761.040639433557,5606.207654802764,1010077,Pollo,Industriales
2021-06-17,3382.3743182653143,9744.707240640293,6516.330512011971,1010077,Pollo,Industriales
2021-06-11,25010.123943429182,65257.49228683552,45106.943355553376,1010048,Pollo,Industriales
2021-06-12,5222.00694398044,46691.823917064554,25055.318879895916,1010048,Pollo,Industriales
2021-06-13,-44931.58988667871,-2288.5829974237417,-23638.605273460926,1010048,Pollo,Industriales
2021-06-14,-6572.178849713468,32797.30351761291,13168.692738358051,1010048,Pollo,Industriales
2021-06-15,7263.717113348673,47868.821728223185,28267.269012430716,1010048,Pollo,Industriales
2021-06-16,15447.701776875852,54997.08982618844,34498.88203945074,1010048,Pollo,Industriales
2021-06-17,19526.42743971226,58576.22282677859,38359.618375154474,1010048,Pollo,Industriales
2021-06-11,23947.74225317752,46426.69503690157,35293.83533188389,1010002,Pollo,Industriales
2021-06-12,11338.146449307416,33445.89278773251,22354.35256884182,1010002,Pollo,Industriales
2021-06-13,-21626.93640165314,907.3112982493631,-10051.71051817802,1010002,Pollo,Industriales
2021-06-14,-436.76649163067185,22433.591084554137,10960.31121447419,1010002,Pollo,Industriales
2021-06-15,10935.27458062111,32749.383673367567,21861.555753663142,1010002,Pollo,Industriales
2021-06-16,14150.676090717177,36711.549166702476,25420.882934857676,1010002,Pollo,Industriales
2021-06-17,19777.40114984079,42683.72869046246,31171.88031295473,1010002,Pollo,Industriales
2021-06-11,11747.195732465494,20979.889813581878,16362.465771076735,1020253,Cerdo,Grandes Clientes
2021-06-12,8417.064460057165,17480.29943915358,13360.443015284558,1020253,Cerdo,Grandes Clientes
2021-06-13,1915.953226076722,11089.94053366505,6303.194323440183,1020253,Cerdo,Grandes Clientes
2021-06-14,5825.259897289983,14895.116715677748,10386.701704543422,1020253,Cerdo,Grandes Clientes
2021-06-15,8225.795016851178,16929.737744394886,12425.170827908025,1020253,Cerdo,Grandes Clientes
2021-06-16,9478.488584039775,18327.999892038628,13969.462669907227,1020253,Cerdo,Grandes Clientes
2021-06-17,10359.855660668922,19644.24275087434,14928.00438479317,1020253,Cerdo,Grandes Clientes
2021-06-11,3279.6768643618416,8457.776140775175,5913.521243376687,1020042,Cerdo,Grandes Clientes
2021-06-12,1391.4855724325953,6330.946180739486,3959.985931348461,1020042,Cerdo,Grandes Clientes
2021-06-13,-5819.1215921052935,-790.7254326659074,-3167.9923971716407,1020042,Cerdo,Grandes Clientes
2021-06-14,305.30254439701105,5174.764416723609,2728.2809880595632,1020042,Cerdo,Grandes Clientes
2021-06-15,2205.05843340622,7097.464012646527,4738.957760880717,1020042,Cerdo,Grandes Clientes
2021-06-16,1846.278243726953,6809.197170790743,4311.90656320624,1020042,Cerdo,Grandes Clientes
2021-06-17,2401.6516208692415,7073.586421549739,4810.479703569279,1020042,Cerdo,Grandes Clientes
2021-06-11,15567.354837296125,27597.167506507154,21556.418992650484,1020027,Cerdo,Grandes Clientes
2021-06-12,11586.675575877005,23801.287986234445,17638.863755028164,1020027,Cerdo,Grandes Clientes
2021-06-13,-3243.0153781380445,9351.697899882962,2702.264349898094,1020027,Cerdo,Grandes Clientes
2021-06-14,6448.39346648673,18464.59927157635,12531.544889705667,1020027,Cerdo,Grandes Clientes
2021-06-15,13010.809036300925,25027.961591983447,18775.04274329317,1020027,Cerdo,Grandes Clientes
2021-06-16,13443.785395902827,25658.66603121128,19786.974300389025,1020027,Cerdo,Grandes Clientes
2021-06-17,14192.218587354713,26913.13495363056,20560.700112216757,1020027,Cerdo,Grandes Clientes
2021-06-11,44377.19636838381,75186.6444359601,58797.87862673249,1020013,Cerdo,Grandes Clientes
2021-06-12,28485.620206322255,58663.30249933918,43261.316191729406,1020013,Cerdo,Grandes Clientes
2021-06-13,-16040.061772061703,14133.763319132047,-1177.1125641589242,1020013,Cerdo,Grandes Clientes
2021-06-14,12840.265758218964,42020.32490562934,27892.69264994639,1020013,Cerdo,Grandes Clientes
2021-06-15,26012.21729373113,56266.925453428514,41490.44571217165,1020013,Cerdo,Grandes Clientes
2021-06-16,33636.06021033991,64974.10592166094,49036.050014214525,1020013,Cerdo,Grandes Clientes
2021-06-17,35655.82043214351,66547.7979059321,51323.293542677675,1020013,Cerdo,Grandes Clientes
2021-06-11,22703.40786075289,39476.81989581742,31426.234099529996,1020010,Cerdo,Grandes Clientes
2021-06-12,18562.82601304271,34605.364968396796,26306.09524964984,1020010,Cerdo,Grandes Clientes
2021-06-13,441.36825389479486,16988.773683163698,8877.487015530558,1020010,Cerdo,Grandes Clientes
2021-06-14,14579.093636437854,31098.67411823745,22719.635999829527,1020010,Cerdo,Grandes Clientes
2021-06-15,21330.622802200713,37263.73094664105,29513.424088281994,1020010,Cerdo,Grandes Clientes
2021-06-16,22316.027400349543,39238.086093009944,30905.356652957464,1020010,Cerdo,Grandes Clientes
2021-06-17,23834.481592741125,40954.92287052478,32759.931127447824,1020010,Cerdo,Grandes Clientes
2021-06-11,2911.4173178986894,13127.467619914509,7984.02169171728,1020003,Cerdo,Grandes Clientes
2021-06-12,893.7208428071035,11120.773454579072,6450.198849722311,1020003,Cerdo,Grandes Clientes
2021-06-13,-6504.509257558954,3833.004019878175,-1216.7113083793056,1020003,Cerdo,Grandes Clientes
2021-06-14,-2821.4353964068964,7778.584309582216,2602.849984736384,1020003,Cerdo,Grandes Clientes
2021-06-15,801.1027975885562,10378.930615250174,5528.127883783299,1020003,Cerdo,Grandes Clientes
2021-06-16,1787.2369615391435,11882.066154507687,6973.353792892553,1020003,Cerdo,Grandes Clientes
2021-06-17,2736.758290600678,13389.580172581458,8203.2833612962,1020003,Cerdo,Grandes Clientes
2021-06-11,10274.013830733535,20549.560879395893,15470.668863188854,1020001,Cerdo,Grandes Clientes
2021-06-12,8128.3297678081235,18141.608843896072,13189.288073363969,1020001,Cerdo,Grandes Clientes
2021-06-13,-2931.801273009396,7796.167042400484,2463.2390636172713,1020001,Cerdo,Grandes Clientes
2021-06-14,3544.3531908284554,13204.947383019402,8668.641393382835,1020001,Cerdo,Grandes Clientes
2021-06-15,6994.4108967114835,17212.744001739808,11956.948285899085,1020001,Cerdo,Grandes Clientes
2021-06-16,7917.613241816421,18091.700490936546,12602.101291297538,1020001,Cerdo,Grandes Clientes
2021-06-17,8613.241057809126,18492.412273744525,13595.700667213701,1020001,Cerdo,Grandes Clientes
2021-06-11,5828.700613898802,23653.22438367721,14460.589966752457,1010695,Pollo,Grandes Clientes
2021-06-12,1482.8348682539934,20371.498812481208,10829.8626801868,1010695,Pollo,Grandes Clientes
2021-06-13,-7729.785524018668,10947.430851092306,1289.2017255409883,1010695,Pollo,Grandes Clientes
2021-06-14,-2097.7073097578295,16155.646851947258,7281.83045018157,1010695,Pollo,Grandes Clientes
2021-06-15,1483.713069912882,20351.58779656255,11708.931009166437,1010695,Pollo,Grandes Clientes
2021-06-16,4795.136423193146,24195.601831218042,14275.134656264723,1010695,Pollo,Grandes Clientes
2021-06-17,4099.609675268939,22618.7767094608,13867.257243249614,1010695,Pollo,Grandes Clientes
2021-06-11,29537.954427514567,59481.30868001157,44743.92271400595,1010267,Pollo,Grandes Clientes
2021-06-12,11893.20256528131,42590.73237250513,26588.402968891904,1010267,Pollo,Grandes Clientes
2021-06-13,-18921.69831745697,11212.416822621948,-4040.38890399049,1010267,Pollo,Grandes Clientes
2021-06-14,14950.947814453097,44780.5570909396,29217.475958847837,1010267,Pollo,Grandes Clientes
2021-06-15,32401.212467434405,62197.75308010902,47547.885072044235,1010267,Pollo,Grandes Clientes
2021-06-16,28143.9517187105,59122.21106186548,43656.91364286035,1010267,Pollo,Grandes Clientes
2021-06-17,28104.90637990077,57167.75296996305,43144.29689849984,1010267,Pollo,Grandes Clientes
2021-06-11,131840.779754339,199555.74056514696,166036.47692013788,1010078,Pollo,Grandes Clientes
2021-06-12,78836.37904247636,152602.8327183779,115539.26212010773,1010078,Pollo,Grandes Clientes
2021-06-13,-20552.66321583689,46050.57481750816,14264.681740697517,1010078,Pollo,Grandes Clientes
2021-06-14,50455.69347493251,123702.02778163209,87064.9527812688,1010078,Pollo,Grandes Clientes
2021-06-15,92121.58885351395,158513.91031584292,123637.23369523819,1010078,Pollo,Grandes Clientes
2021-06-16,100637.28148556213,167833.947523963,133410.92711297958,1010078,Pollo,Grandes Clientes
2021-06-17,109047.8139540506,183163.72705567488,145240.17354939977,1010078,Pollo,Grandes Clientes
2021-06-11,4097.2550572177515,9817.961058402316,6912.978534549762,1010077,Pollo,Grandes Clientes
2021-06-12,2046.8861350493594,8016.519072400187,4911.143809965499,1010077,Pollo,Grandes Clientes
2021-06-13,-4775.8883385457675,1307.571439990477,-1596.827916938354,1010077,Pollo,Grandes Clientes
2021-06-14,-210.1243677258554,5892.51919933675,3023.816191105886,1010077,Pollo,Grandes Clientes
2021-06-15,1723.6926176789775,7468.173471363742,4673.028905375671,1010077,Pollo,Grandes Clientes
2021-06-16,2665.5689048783615,8356.501269188408,5606.207654802764,1010077,Pollo,Grandes Clientes
2021-06-17,3526.0245677396965,9634.085134298955,6516.330512011971,1010077,Pollo,Grandes Clientes
2021-06-11,24652.458604683794,65911.48860614005,45106.943355553376,1010048,Pollo,Grandes Clientes
2021-06-12,4314.738809314991,44205.0260965613,25055.318879895916,1010048,Pollo,Grandes Clientes
2021-06-13,-43236.71832415372,-1481.2559956327502,-23638.605273460926,1010048,Pollo,Grandes Clientes
2021-06-14,-6120.473279290702,33248.334803899124,13168.692738358051,1010048,Pollo,Grandes Clientes
2021-06-15,7438.579732588496,49110.65562931707,28267.269012430716,1010048,Pollo,Grandes Clientes
2021-06-16,13194.583582326286,53511.86255737849,34498.88203945074,1010048,Pollo,Grandes Clientes
2021-06-17,18053.416762323737,59265.219611817716,38359.618375154474,1010048,Pollo,Grandes Clientes
2021-06-11,24687.22950043901,45969.82657423974,35293.83533188389,1010002,Pollo,Grandes Clientes
2021-06-12,11257.974700369097,34212.865890351946,22354.35256884182,1010002,Pollo,Grandes Clientes
2021-06-13,-20904.16049194315,423.14669801698005,-10051.71051817802,1010002,Pollo,Grandes Clientes
2021-06-14,-449.5897340669508,22583.752833100996,10960.31121447419,1010002,Pollo,Grandes Clientes
2021-06-15,10345.919753575075,31830.175266098468,21861.555753663142,1010002,Pollo,Grandes Clientes
2021-06-16,14555.737652001248,36993.64223691067,25420.882934857676,1010002,Pollo,Grandes Clientes
2021-06-17,19672.49665993226,42211.706436199456,31171.88031295473,1010002,Pollo,Grandes Clientes
2021-06-11,11748.803807065171,20714.258942349752,16362.465771076735,1020253,Cerdo,Foodservice
2021-06-12,8772.990833591042,17645.6436235404,13360.443015284558,1020253,Cerdo,Foodservice
2021-06-13,1509.54287250268,10586.525008474413,6303.194323440183,1020253,Cerdo,Foodservice
2021-06-14,5899.155760872207,14684.6657415531,10386.701704543422,1020253,Cerdo,Foodservice
2021-06-15,7483.795305346853,16853.003722891284,12425.170827908025,1020253,Cerdo,Foodservice
2021-06-16,9197.851739324251,18411.346228052425,13969.462669907227,1020253,Cerdo,Foodservice
2021-06-17,10362.633744259729,19436.57946426266,14928.00438479317,1020253,Cerdo,Foodservice
2021-06-11,3400.727577462577,8505.741563608795,5913.521243376687,1020042,Cerdo,Foodservice
2021-06-12,1488.5292468593818,6611.389117554965,3959.985931348461,1020042,Cerdo,Foodservice
2021-06-13,-5494.609027106778,-668.077452165345,-3167.9923971716407,1020042,Cerdo,Foodservice
2021-06-14,409.93106285549715,5164.19267147896,2728.2809880595632,1020042,Cerdo,Foodservice
2021-06-15,2373.1902323549075,7257.287291377267,4738.957760880717,1020042,Cerdo,Foodservice
2021-06-16,1721.9383105014042,6792.349477174997,4311.90656320624,1020042,Cerdo,Foodservice
2021-06-17,2471.3201266033466,7277.955705373313,4810.479703569279,1020042,Cerdo,Foodservice
2021-06-11,15269.675564648762,27529.450113227937,21556.418992650484,1020027,Cerdo,Foodservice
2021-06-12,11597.20901358205,23548.69069943402,17638.863755028164,1020027,Cerdo,Foodservice
2021-06-13,-3348.659673474693,8971.652684031274,2702.264349898094,1020027,Cerdo,Foodservice
2021-06-14,6326.4278285037735,18258.470079939107,12531.544889705667,1020027,Cerdo,Foodservice
2021-06-15,12479.318279128047,25108.121598641912,18775.04274329317,1020027,Cerdo,Foodservice
2021-06-16,13624.498806862213,25973.65085660144,19786.974300389025,1020027,Cerdo,Foodservice
2021-06-17,14247.098222515539,26801.989576055847,20560.700112216757,1020027,Cerdo,Foodservice
2021-06-11,44379.054572083114,74646.78413321583,58797.87862673249,1020013,Cerdo,Foodservice
2021-06-12,27325.77513195276,58250.227128415354,43261.316191729406,1020013,Cerdo,Foodservice
2021-06-13,-16962.663345722143,14362.117104385588,-1177.1125641589242,1020013,Cerdo,Foodservice
2021-06-14,12950.015608446469,43022.83835604714,27892.69264994639,1020013,Cerdo,Foodservice
2021-06-15,27518.543717751254,56815.80203096211,41490.44571217165,1020013,Cerdo,Foodservice
2021-06-16,33795.06374003947,64164.973610895366,49036.050014214525,1020013,Cerdo,Foodservice
2021-06-17,36935.74203790126,66830.46070148052,51323.293542677675,1020013,Cerdo,Foodservice
2021-06-11,23255.02326321665,39711.02458882329,31426.234099529996,1020010,Cerdo,Foodservice
2021-06-12,17567.25105484272,34396.28841613275,26306.09524964984,1020010,Cerdo,Foodservice
2021-06-13,469.5004846646374,17219.436877597556,8877.487015530558,1020010,Cerdo,Foodservice
2021-06-14,14079.708735994802,31067.18034758501,22719.635999829527,1020010,Cerdo,Foodservice
2021-06-15,21223.857812195565,37600.70886525031,29513.424088281994,1020010,Cerdo,Foodservice
2021-06-16,23227.59359144305,39142.88851192082,30905.356652957464,1020010,Cerdo,Foodservice
2021-06-17,24650.663758034218,40958.72986403789,32759.931127447824,1020010,Cerdo,Foodservice
2021-06-11,2749.707132409763,13033.868903686747,7984.02169171728,1020003,Cerdo,Foodservice
2021-06-12,769.5492020275185,11559.193098442309,6450.198849722311,1020003,Cerdo,Foodservice
2021-06-13,-6596.234775122573,3776.257274285242,-1216.7113083793056,1020003,Cerdo,Foodservice
2021-06-14,-2120.508597423392,7566.923285698267,2602.849984736384,1020003,Cerdo,Foodservice
2021-06-15,357.46241598536875,10626.421338817654,5528.127883783299,1020003,Cerdo,Foodservice
2021-06-16,1699.4302225850602,11924.988326256032,6973.353792892553,1020003,Cerdo,Foodservice
2021-06-17,3217.628327311163,13490.941941429555,8203.2833612962,1020003,Cerdo,Foodservice
2021-06-11,10464.84360017624,20435.852039782087,15470.668863188854,1020001,Cerdo,Foodservice
2021-06-12,8046.682811340974,17862.636678057625,13189.288073363969,1020001,Cerdo,Foodservice
2021-06-13,-2453.8925101249324,7569.841708018075,2463.2390636172713,1020001,Cerdo,Foodservice
2021-06-14,4153.876411991796,13850.440666772673,8668.641393382835,1020001,Cerdo,Foodservice
2021-06-15,6693.116445141839,16444.500207111883,11956.948285899085,1020001,Cerdo,Foodservice
2021-06-16,7369.92948528103,17458.304635924345,12602.101291297538,1020001,Cerdo,Foodservice
2021-06-17,8728.229839093607,18726.01603681315,13595.700667213701,1020001,Cerdo,Foodservice
2021-06-11,5262.832910624145,22831.87729525763,14460.589966752457,1010695,Pollo,Foodservice
2021-06-12,1069.966854185421,19627.484262667447,10829.8626801868,1010695,Pollo,Foodservice
2021-06-13,-7736.248653539281,10723.244636125395,1289.2017255409883,1010695,Pollo,Foodservice
2021-06-14,-1751.4559047939065,15409.20792580613,7281.83045018157,1010695,Pollo,Foodservice
2021-06-15,2468.623817448578,20844.52257150366,11708.931009166437,1010695,Pollo,Foodservice
2021-06-16,4859.800694427215,24058.20635985062,14275.134656264723,1010695,Pollo,Foodservice
2021-06-17,5045.049957906031,22655.7094620638,13867.257243249614,1010695,Pollo,Foodservice
2021-06-11,29755.873790080994,59768.61512155112,44743.92271400595,1010267,Pollo,Foodservice
2021-06-12,11378.484026484442,41862.53829406975,26588.402968891904,1010267,Pollo,Foodservice
2021-06-13,-18844.071698793174,9954.755558668956,-4040.38890399049,1010267,Pollo,Foodservice
2021-06-14,14930.410920369748,43693.57434615257,29217.475958847837,1010267,Pollo,Foodservice
2021-06-15,33300.561632392855,61945.688015483494,47547.885072044235,1010267,Pollo,Foodservice
2021-06-16,28922.026761555102,58397.82749856959,43656.91364286035,1010267,Pollo,Foodservice
2021-06-17,28441.88392980137,58721.931248723406,43144.29689849984,1010267,Pollo,Foodservice
2021-06-11,129622.01313931635,202607.0479445334,166036.47692013788,1010078,Pollo,Foodservice
2021-06-12,83362.84696994402,149547.39165793493,115539.26212010773,1010078,Pollo,Foodservice
2021-06-13,-20470.619404958627,48942.852228508076,14264.681740697517,1010078,Pollo,Foodservice
2021-06-14,49996.87167501128,119165.51320194152,87064.9527812688,1010078,Pollo,Foodservice
2021-06-15,90228.52968078,157478.0805986442,123637.23369523819,1010078,Pollo,Foodservice
2021-06-16,98721.73111866687,167280.93138624183,133410.92711297958,1010078,Pollo,Foodservice
2021-06-17,110113.74162635305,177295.03331905414,145240.17354939977,1010078,Pollo,Foodservice
2021-06-11,3895.3077091163314,9837.36980979201,6912.978534549762,1010077,Pollo,Foodservice
2021-06-12,1915.883895343172,7866.310532350328,4911.143809965499,1010077,Pollo,Foodservice
2021-06-13,-4598.198771473597,1428.492243928986,-1596.827916938354,1010077,Pollo,Foodservice
2021-06-14,105.34765007763306,5943.821522960366,3023.816191105886,1010077,Pollo,Foodservice
2021-06-15,1663.6250587723237,7463.952648699313,4673.028905375671,1010077,Pollo,Foodservice
2021-06-16,2423.0109319401295,8498.616311704911,5606.207654802764,1010077,Pollo,Foodservice
2021-06-17,3307.232443947721,9594.263425667843,6516.330512011971,1010077,Pollo,Foodservice
2021-06-11,24738.344159932567,65763.37620814175,45106.943355553376,1010048,Pollo,Foodservice
2021-06-12,3379.374371439031,43618.11348442958,25055.318879895916,1010048,Pollo,Foodservice
2021-06-13,-43758.98736465187,-2459.0301896505152,-23638.605273460926,1010048,Pollo,Foodservice
2021-06-14,-8880.098197690471,32937.159316687976,13168.692738358051,1010048,Pollo,Foodservice
2021-06-15,6809.498509488022,48223.19836716129,28267.269012430716,1010048,Pollo,Foodservice
2021-06-16,14307.076636875363,54588.245758657,34498.88203945074,1010048,Pollo,Foodservice
2021-06-17,17552.739894414754,59356.04926421636,38359.618375154474,1010048,Pollo,Foodservice
2021-06-11,23728.558239080056,46120.998475283275,35293.83533188389,1010002,Pollo,Foodservice
2021-06-12,11665.246463442769,34057.51872344147,22354.35256884182,1010002,Pollo,Foodservice
2021-06-13,-20598.077843236693,2173.796986151575,-10051.71051817802,1010002,Pollo,Foodservice
2021-06-14,-233.3039197588858,22000.972149314774,10960.31121447419,1010002,Pollo,Foodservice
2021-06-15,10683.786616444482,33811.622829688706,21861.555753663142,1010002,Pollo,Foodservice
2021-06-16,14492.992733161205,36750.36505706676,25420.882934857676,1010002,Pollo,Foodservice
2021-06-17,19401.900156789638,42326.74863784055,31171.88031295473,1010002,Pollo,Foodservice
