Cliente - Local.1;Oficina de Ventas Unifica;Subtipo de cliente;Cluster BW;Frecuencia mes promedio;Delta dia promedio;Skew Delta dia;Kilos Venta promedio;Covarianza del lote;"Precio Pond CLP 
 Tipo de Semana 4";"Kilos Venta KG promedio 
 Tipo de Semana 4";"Precio Pond CLP 
 Tipo de Semana 3";"Kilos Venta KG promedio 
 Tipo de Semana 3";"Precio Pond CLP 
 Tipo de Semana 2";"Kilos Venta KG promedio 
 Tipo de Semana 2";"Precio Pond CLP 
 Tipo de Semana 1";"Kilos Venta KG promedio 
 Tipo de Semana 1";"Precio Pond CLP 
 Tipo de Semana 0";"Kilos Venta KG promedio 
 Tipo de Semana 0";Tipo de Semana 4;Tipo de Semana 3;Tipo de Semana 2;Tipo de Semana 1;Tipo de Semana 0;identified_clusters
3200104287;T105;Espec. en Crudos;Sin asignar;0.6666666666666666;6.4;0.3169627324056571;31.5;0.3447040203972163;4046.75677830941;30.75;4046.75677830941;30.75;4046.75677830941;30.75;4273.210526315789;28.5;3820.3030303030314;33.0;1.75;1.75;1.75;2.0;1.5;1
3200154991;T105;Espec. en Crudos;Clásico;0.8461538461538461;30.0;1.9976983396258403;31.466666666666665;0.3701958655426317;4348.960870646889;31.37777777777778;4702.014925373134;26.8;4348.960870646889;31.37777777777778;4287.885254983224;33.333333333333336;4056.982431584307;34.0;2.5841269841269843;2.8;2.5841269841269843;2.6666666666666665;2.2857142857142856;0
3200153241;T105;Espec. en Crudos;Clásico;0.3888888888888889;78.42857142857143;0.5741714260687559;22.5;0.4169258453176382;5405.993216317166;16.0;4725.214496843103;23.33333333333333;5014.7703404614585;12.0;4753.356788841237;19.666666666666664;3867.4491017432215;27.33333333333333;3.0;2.333333333333333;1.0;2.0;1.6666666666666667;0
46142;T105;Espec. en Crudos;Clásico;0.9411764705882352;27.5;2.601058048842562;46.285714285714285;0.7557450288932407;4350.825950103717;42.325;4475.226022990348;21.5;5453.7703404614585;18.0;3431.2990452407407;86.33333333333333;4043.008391722321;43.46666666666667;1.7833333333333332;2.0;2.0;1.0;2.1333333333333333;1
3200148795;T105;Espec. en Crudos;Sin asignar;0.1739130434782608;123.83333333333331;0.1844706963622818;39.57142857142857;0.60012191746468;3312.774640675648;39.45833333333333;3312.774640675648;39.45833333333333;3312.774640675648;39.45833333333333;3276.7646575222625;38.66666666666666;3348.784623829033;40.25;0.75;0.75;0.75;0.0;1.5;3
29388;T105;Espec. en Crudos;Clásico;0.9183673469387756;32.56521739130435;2.492433487130389;35.4468085106383;0.6663247647276767;4326.306937781165;40.849999999999994;4455.504065040651;41.0;5091.186354211309;43.6;4542.6439754415605;42.8;3215.89335643114;36.0;2.065384615384615;2.0;1.4;3.4;1.4615384615384617;1
3200121696;T105;Espec. en Crudos;Clásico;0.1428571428571428;149.4;0.956698378752178;25.83333333333333;0.460249219915561;4703.446254524719;35.0;4703.446254524719;35.0;4614.7703404614585;49.0;4792.122168587978;21.0;4703.446254524719;35.0;1.75;1.75;0.0;3.5;1.75;1
3200013002;T105;Espec. en Crudos;Clásico;0.7755102040816326;38.91891891891892;2.548543220812655;57.10526315789474;0.6068735303781174;4185.509632670843;66.21785714285714;3765.1008161622976;74.5;5170.968539477719;79.0;4297.923139461765;61.8;3508.046035581588;49.57142857142857;1.588095238095238;1.0;1.6666666666666667;2.4;1.2857142857142858;1
91042;T105;Multiespecialista;Premium;0.4285714285714285;63.1;1.931390368559727;135.14285714285714;1.118632251642696;3800.482807080658;167.73333333333332;3800.482807080658;167.73333333333332;4857.385170230729;173.0;3496.7438118539285;168.0;3047.319439157317;162.2;1.6222222222222225;1.6222222222222225;2.0;1.6666666666666667;1.2;4
3200127382;T105;Espec. en Crudos;Premium;0.5681818181818182;50.0;2.122446149058718;24.379310344827587;0.3320451942086128;5032.7747449333065;25.91111111111111;5032.7747449333065;25.91111111111111;5571.278363089298;31.0;5171.913835254645;20.0;4355.132036455976;26.73333333333333;2.966666666666667;2.966666666666667;2.5;4.0;2.4;0
3200112881;T105;Espec. en Procesados;Clásico;0.1666666666666666;61.0;0.0;19.0;0.223296878269436;3960.7368421052633;19.0;3960.7368421052633;19.0;3960.7368421052633;19.0;3960.7368421052633;19.0;3960.7368421052633;19.0;2.0;2.0;2.0;2.0;2.0;1
52022;T105;Multiespecialista;Premium;0.1521739130434782;211.16666666666663;1.439768744503496;25.857142857142858;0.7257364014431119;4179.791507794185;22.0;4790.0;23.0;4179.791507794185;22.0;4179.791507794185;22.0;3569.58301558837;21.0;2.0;3.0;2.0;2.0;1.0;1
3200167757;T105;Espec. en Crudos;Clásico;0.6;67.66666666666667;-0.6892054981428754;26.75;0.4915804933974922;4238.777777777777;26.666666666666668;4200.0;36.0;4238.777777777777;26.666666666666668;4300.0;17.0;4216.333333333333;27.0;2.0;2.0;2.0;2.0;2.0;1
90363;T105;Espec. en Crudos;Clásico;0.8125;33.25;2.2247821712681484;25.823529411764707;0.3679414889425872;4660.87813226391;23.00892857142857;5142.295790432208;18.0;5092.385170230729;20.0;4285.548110419281;22.75;4123.28345797342;31.285714285714285;2.28125;4.0;1.0;2.125;2.0;0
3200027162;T105;Multiespecialista;Clásico;0.0789473684210526;403.5;0.0;39.0;0.4748784404474906;2469.58301558837;25.0;2469.58301558837;25.0;2469.58301558837;25.0;2469.58301558837;25.0;2469.58301558837;25.0;0.0;0.0;0.0;0.0;0.0;3
3200122849;T105;Multiespecialista;Premium;0.1363636363636363;224.83333333333331;1.6888749988537186;102.14285714285714;1.172762369285498;4203.692585115365;218.5;4203.692585115365;218.5;4807.385170230729;365.0;4203.692585115365;218.5;3600.0;72.0;2.0;2.0;2.0;2.0;2.0;4
3200102010;T105;Espec. en Procesados;Clásico;0.4444444444444444;14.0;0.0;46.75;0.7304898958942967;4272.219047619047;56.5;4272.219047619047;56.5;4633.0;82.0;4345.0;70.0;3838.657142857143;17.5;1.8333333333333333;1.8333333333333333;1.0;3.0;1.5;1
3200004835;T105;Multiespecialista;Clásico;0.3;105.0;1.4573677043815247;22.0;0.3759286023297333;4957.195820205685;20.444444444444443;4691.1506849315065;24.33333333333333;6040.385170230729;15.0;4140.051605454818;22.0;4957.195820205685;20.444444444444443;2.388888888888889;2.6666666666666665;3.0;1.5;2.388888888888889;0
90811;T105;Multiespecialista;Premium;0.2926829268292683;44.72727272727273;0.1306479100002436;163.58333333333334;0.7643719361365776;3639.16603117674;168.0;3639.16603117674;168.0;3639.16603117674;168.0;3639.16603117674;168.0;3639.16603117674;168.0;3.0;3.0;3.0;3.0;3.0;4
41807;T105;Multiespecialista;Premium;0.5365853658536586;48.74074074074074;2.427957545499928;20.5;0.2130432954691983;4698.416974695064;22.373015873015873;4698.416974695064;22.373015873015873;5704.578851099756;23.5;4822.125656682612;20.33333333333333;3568.5464163028246;23.285714285714285;2.5396825396825395;2.5396825396825395;3.0;3.333333333333333;1.2857142857142858;0
3200132491;T105;Multiespecialista;Premium;0.125;56.0;0.0;37.5;0.5845416057808793;3942.1766780249145;37.5;3942.1766780249145;37.5;4614.7703404614585;22.0;3942.1766780249145;37.5;3269.5830155883705;53.0;0.5;0.5;0.0;0.5;1.0;3
3200148279;T105;Multiespecialista;Sin asignar;0.85;35.705882352941174;1.7970765188160216;111.83333333333331;0.7743726300480153;4266.036309729517;107.35;4292.0;58.0;5042.956970728359;169.66666666666666;4468.274490034704;92.4;3260.913778155002;109.33333333333331;2.188888888888889;2.0;2.0;3.2;1.5555555555555556;1
3200139317;T105;Espec. en Crudos;Clásico;0.4230769230769231;26.6;0.7480981564442067;41.45454545454545;0.3065331391623749;4458.873680075391;41.714285714285715;4458.873680075391;41.714285714285715;5098.103673794792;33.0;4282.788835254644;51.0;3995.72853117674;41.142857142857146;2.142857142857143;2.142857142857143;1.5;2.5;2.4285714285714284;1
3200158845;T105;Multiespecialista;Clásico;0.2727272727272727;52.5;0.0;27.0;0.4206598774666869;3500.610667827358;30.25;3500.610667827358;30.25;3500.610667827358;30.25;4131.638320066347;20.5;2869.58301558837;40.0;1.0;1.0;1.0;2.0;0.0;3
3200139699;T105;Multiespecialista;Clásico;0.2222222222222222;171.0;0.0;22.0;0.25712973861329;4981.8897939290255;22.0;4981.8897939290255;22.0;5407.385170230729;18.0;4556.394417627322;26.0;4981.8897939290255;22.0;2.5;2.5;2.0;3.0;2.5;0
3200080994;T105;Multiespecialista;Premium;0.1739130434782608;174.0;1.948966857346407;115.875;1.2037028616203729;5575.0;103.0;4218.398650651328;125.0;4218.398650651328;125.0;4218.398650651328;125.0;2861.7973013026563;147.0;2.0;1.5;1.5;1.5;1.0;4
36584;T105;Multiespecialista;Premium;0.5531914893617021;49.8;3.663611013509446;35.58064516129032;0.4587129708822494;4524.645311741794;30.41111111111111;4470.711903042918;31.2;5512.385170230729;20.0;4398.525323738651;35.0;3716.95884995488;35.44444444444444;2.1055555555555556;2.2;2.0;2.6666666666666665;1.5555555555555556;0
86698;T105;Multiespecialista;Clásico;1.0625;26.875;0.984389811051262;29.50877192982456;0.4757354661263984;5737.0;21.0;4462.779527947959;26.0;5885.324194620973;20.5;4469.446221197159;28.09090909090909;3944.3258201527215;26.647058823529413;3.0;2.333333333333333;2.75;2.636363636363636;2.0588235294117645;0
3200062779;T105;Multiespecialista;Clásico;0.0425531914893617;994.0;0.0;38.5;0.4958930673256307;3269.58301558837;25.0;3269.58301558837;25.0;3269.58301558837;25.0;3269.58301558837;25.0;3269.58301558837;25.0;1.0;1.0;1.0;1.0;1.0;3
3200155253;T105;Espec. en Crudos;Clásico;1.0;29.647058823529413;3.519074772640829;28.33333333333333;0.7984311912676573;4000.175179486624;23.0;4000.175179486624;23.0;4000.175179486624;23.0;4474.788835254644;17.0;3525.5615237186034;29.0;2.1470588235294117;2.1470588235294117;2.1470588235294117;3.0;1.2941176470588236;1
3200082672;T105;Multiespecialista;Clásico;0.2;21.0;0.0;21.0;0.0;3936.0;21.0;3936.0;21.0;3936.0;21.0;3936.0;21.0;3936.0;21.0;2.0;2.0;2.0;2.0;2.0;1
3200055979;T105;Espec. en Crudos;Premium;0.3829787234042553;77.05263157894737;2.273555740576634;62.0;1.1195943144212488;3871.99146281006;68.44791666666667;3622.295790432208;48.0;5182.791711219792;65.66666666666667;3653.0918655576743;82.5;3029.7864840305647;77.625;0.9270833333333333;0.0;1.3333333333333333;1.5;0.875;1
3200054336;T105;Multiespecialista;Clásico;0.05;836.0;0.0;29.5;0.3595458209423123;2969.58301558837;37.0;2969.58301558837;37.0;2969.58301558837;37.0;2969.58301558837;37.0;2969.58301558837;37.0;0.0;0.0;0.0;0.0;0.0;3
3200008795;T105;Espec. en Crudos;Clásico;0.3111111111111111;85.76923076923077;1.850592461417466;34.285714285714285;0.6915759131069732;4753.8889608010895;35.0;4236.581504717923;17.5;5704.7703404614585;35.0;4320.315037223887;52.5;4753.8889608010895;35.0;2.4166666666666665;1.5;3.0;2.75;2.4166666666666665;0
36038;T105;Espec. en Crudos;Clásico;0.0555555555555555;574.0;0.0;19.666666666666668;0.0776707744907769;4300.0;18.0;4300.0;18.0;4300.0;18.0;4300.0;18.0;4300.0;18.0;2.0;2.0;2.0;2.0;2.0;1
3200133517;T105;Multiespecialista;Clásico;0.5483870967741935;52.68421052631579;2.0202288611106254;28.9;0.6034018106507212;4802.716054094364;29.7202380952381;4660.529411764706;34.0;5716.843191005444;28.0;4981.66354310186;26.714285714285715;3851.8280705054462;30.166666666666668;2.5773809523809526;2.6666666666666665;2.6666666666666665;3.142857142857143;1.8333333333333333;0
14541;T105;Multiespecialista;Premium;0.2222222222222222;12.0;0.0;28.5;0.5210260492953508;3700.0;28.5;3700.0;28.5;3700.0;28.5;3700.0;28.5;3700.0;28.5;1.5;1.5;1.5;1.5;1.5;1
3200071534;T105;Espec. en Procesados;Clásico;0.1020408163265306;255.5;1.1028725247765725;21.8;0.3282301618348315;4268.5330654468335;27.0;3922.295790432209;20.0;4614.7703404614585;34.0;4268.5330654468335;27.0;4268.5330654468335;27.0;0.0;0.0;0.0;0.0;0.0;3
3200009888;T105;Multiespecialista;Premium;0.4047619047619047;65.625;0.6884541099223687;51.41176470588236;0.5493370226280302;3716.7553527619248;48.5;3716.7553527619248;48.5;3716.7553527619248;48.5;3850.206340194336;58.0;3583.304365329514;39.0;1.5;1.5;1.5;1.0;2.0;1
3200146089;T105;Multiespecialista;Sin asignar;0.25;168.0;0.0;105.0;0.4444671196029727;3391.5;105.0;4283.0;72.0;3391.5;105.0;3391.5;105.0;2500.0;138.0;1.0;2.0;1.0;1.0;0.0;3
84333;T105;Multiespecialista;Clásico;0.1818181818181818;183.0;0.0;55.5;0.9045870534098176;3659.7915077941852;55.5;4850.0;20.0;3659.7915077941852;55.5;3659.7915077941852;55.5;2469.58301558837;91.0;1.5;3.0;1.5;1.5;0.0;1
3200124725;T105;Espec. en Crudos;Clásico;0.2444444444444444;100.3;2.4424641594790044;55.45454545454545;0.5011274576755242;3228.842274847629;27.0;3228.842274847629;27.0;3228.842274847629;27.0;3228.842274847629;27.0;3228.842274847629;27.0;0.5;0.5;0.5;0.5;0.5;3
3200083725;T105;Espec. en Crudos;Premium;1.037037037037037;27.1875;1.6123495812398878;98.8181818181818;0.3754872237799805;4116.713186510691;99.1029411764706;4308.757062146893;118.0;5018.48855256702;82.0;3974.509474487613;101.41176470588236;3165.09765684124;95.0;1.802450980392157;2.333333333333333;1.5;2.176470588235294;1.2;1
82027;T105;Espec. en Crudos;Premium;0.3571428571428571;63.5;1.149079416518307;62.0;0.4628498339445723;4767.038146963604;71.75;4767.038146963604;71.75;5697.385170230729;88.0;4767.038146963604;71.75;3836.6911236964784;55.5;2.5;2.5;3.0;2.5;2.0;0
3200151085;T105;Espec. en Crudos;Sin asignar;0.2727272727272727;157.5;0.0;24.33333333333333;0.3590504773172919;3608.161952465816;24.33333333333333;3608.161952465816;24.33333333333333;3608.161952465816;24.33333333333333;3608.161952465816;24.33333333333333;3608.161952465816;24.33333333333333;1.3333333333333333;1.3333333333333333;1.3333333333333333;1.3333333333333333;1.3333333333333333;1
3200099637;T105;Espec. en Procesados;Clásico;0.3571428571428571;14.0;0.0;30.4;0.338352391332205;3784.7080155883705;30.4;3784.7080155883705;30.4;3784.7080155883705;30.4;3784.7080155883705;30.4;3784.7080155883705;30.4;1.6;1.6;1.6;1.6;1.6;1
67425;T105;Vendedores;Clásico;0.1176470588235294;284.0;0.0;419.5;1.3400474160746252;4064.840480331469;419.5;3322.2957904322084;817.0;4807.385170230729;22.0;4064.840480331469;419.5;4064.840480331469;419.5;2.0;3.0;1.0;2.0;2.0;4
3200160798;T105;Emprendedores;Clásico;0.0909090909090909;187.5;0.0;60.333333333333336;0.7848610306277958;3484.8788800893867;60.333333333333336;3484.8788800893867;60.333333333333336;3484.8788800893867;60.333333333333336;3484.8788800893867;60.333333333333336;3484.8788800893867;60.333333333333336;1.3333333333333333;1.3333333333333333;1.3333333333333333;1.3333333333333333;1.3333333333333333;3
3200157297;T105;Espec. en Crudos;Clásico;2.5;11.217391304347826;1.3841554841120154;24.19148936170213;0.3345630514902818;4693.967668297457;21.953846153846158;4756.848262345699;21.2;5583.866651712211;18.0;4530.976299160423;22.07692307692308;3904.179459971496;26.53846153846154;2.3506410256410257;2.8;2.333333333333333;2.5384615384615383;1.7307692307692308;0
15756;T105;Emprendedores;Clásico;0.8378378378378378;21.933333333333334;4.114483921139517;21.870967741935484;0.3491614947918386;4862.117013833843;22.666666666666668;4696.5610965546575;24.5;5657.7703404614585;24.0;4232.019604485414;19.5;4862.117013833843;22.666666666666668;2.5;2.5;3.0;2.0;2.5;0
3200176705;T105;Espec. en Crudos;Clásico;0.3636363636363636;7.0;-0.7071067811865475;57.0;0.8507113843389728;3865.122807017544;57.0;3865.122807017544;57.0;3865.122807017544;57.0;3865.122807017544;57.0;3865.122807017544;57.0;2.5;2.5;2.5;2.5;2.5;1
3200079094;T105;Espec. en Crudos;Premium;0.9714285714285714;31.12121212121212;3.4979381851542226;35.11764705882353;0.479869178528634;4389.484685430526;40.975;4500.0;52.0;5307.385170230729;35.0;4095.7294961613534;38.2;3654.82407533002;38.7;1.825;2.0;2.0;2.0;1.3;1
79603;T105;Espec. en Crudos;Premium;0.0714285714285714;430.0;-0.4559250318833371;266.25;0.6280831584567255;3916.955211839606;340.75;3916.955211839606;340.75;4833.910423679212;360.5;3916.955211839606;340.75;3000.0;321.0;2.0;2.0;2.0;2.0;2.0;4
3200078035;T105;Espec. en Crudos;Premium;1.2653061224489797;22.41176470588235;6.004521377924043;57.91304347826087;0.4853547675236497;4333.813868186521;62.83035714285714;4487.823180016545;48.66666666666666;5008.738817230165;96.33333333333331;4115.451779614333;57.75;3723.24169588504;48.57142857142857;1.952380952380952;2.333333333333333;1.8333333333333333;2.0;1.6428571428571428;1
59679;T105;Multiespecialista;Premium;0.4166666666666667;60.78947368421053;1.3114271064343763;59.5;0.8279404203484056;3967.274841349427;83.19791666666666;3922.295790432208;122.0;4772.333365671542;39.66666666666666;3621.6655999086497;138.0;3552.8046093853063;33.125;1.125;1.0;0.6666666666666666;1.3333333333333333;1.5;1
27290;T105;Espec. en Crudos;Clásico;3.14;9.022598870056497;2.3391732874980984;31.146067415730336;0.5751349980347503;6208.96551724138;58.0;4662.169199744228;33.095238095238095;5570.348214948018;32.64;4555.3559602622045;29.548387096774192;3859.512599375047;35.645833333333336;3.5;2.1904761904761907;2.2;2.7096774193548385;2.083333333333333;0
60964;T105;Espec. en Procesados;Premium;0.1666666666666666;3.0;0.0;36.5;0.6780475983980593;2995.610412848644;36.5;2995.610412848644;36.5;2995.610412848644;36.5;2995.610412848644;36.5;2995.610412848644;36.5;0.0;0.0;0.0;0.0;0.0;3
44833;T105;Espec. en Crudos;Premium;0.0769230769230769;406.0;0.6914426494288541;68.75;0.4878513073382354;3600.0;51.0;3600.0;51.0;3600.0;51.0;3600.0;51.0;3600.0;51.0;1.0;1.0;1.0;1.0;1.0;3
3200119453;T105;Multiespecialista;Premium;0.4081632653061224;55.78947368421053;3.2475565209472856;27.55;0.5121732555583832;5105.993216317166;17.0;4551.693948791114;30.583333333333332;4551.693948791114;30.583333333333332;4307.952184678251;32.5;4241.136445377923;42.25;2.0;2.5833333333333335;2.5833333333333335;2.5;3.25;0
3200006707;T105;Espec. en Crudos;Clásico;0.1818181818181818;178.5;0.0;42.333333333333336;0.0894316274929176;3265.101483365078;42.333333333333336;3265.101483365078;42.333333333333336;3265.101483365078;42.333333333333336;3265.101483365078;42.333333333333336;3265.101483365078;42.333333333333336;1.0;1.0;1.0;1.0;1.0;3
3200121998;T105;Espec. en Crudos;Clásico;0.238095238095238;130.2;0.7271554449924885;54.333333333333336;0.466870762557971;4211.081972990571;71.0;4211.081972990571;71.0;4211.081972990571;71.0;4522.16394598114;46.0;3900.0;96.0;2.5;2.5;2.5;3.0;2.0;1
26324;T105;Espec. en Procesados;Clásico;0.0526315789473684;604.5;0.0;28.666666666666668;0.3441546183011336;3469.6881018671365;23.0;3469.6881018671365;23.0;3469.6881018671365;23.0;3469.6881018671365;23.0;3469.6881018671365;23.0;0.5;0.5;0.5;0.5;0.5;3
28130;T105;Espec. en Crudos;Clásico;0.048780487804878;513.0;0.0;19.0;0.2977291710259148;4817.16603117674;15.0;4817.16603117674;15.0;4817.16603117674;15.0;4817.16603117674;15.0;4817.16603117674;15.0;4.0;4.0;4.0;4.0;4.0;0
3200143285;T105;Espec. en Crudos;Sin asignar;3.692307692307693;8.284313725490197;1.752936970835075;27.155339805825243;0.4376016093178407;4494.730263679606;26.22056435445068;4562.26343687298;27.625;5486.478394720408;22.4;4221.095634358881;24.27586206896552;3709.083588766155;30.58139534883721;1.9404587677091687;2.125;2.066666666666667;1.9655172413793105;1.6046511627906976;0
3200039386;T105;Multiespecialista;Clásico;0.2222222222222222;163.0;0.0;28.0;0.2020305089104421;4840.3897939290255;28.0;4840.3897939290255;28.0;5407.385170230729;32.0;4273.394417627322;24.0;4840.3897939290255;28.0;2.0;2.0;2.0;2.0;2.0;0
3200018326;T105;Multiespecialista;Clásico;0.1666666666666666;4.0;0.0;21.5;0.2959981874734385;2582.3737132627884;21.5;2582.3737132627884;21.5;2582.3737132627884;21.5;2582.3737132627884;21.5;2582.3737132627884;21.5;0.0;0.0;0.0;0.0;0.0;3
3200080009;T105;Multiespecialista;Premium;0.425531914893617;71.4;2.480211658118318;96.33333333333331;0.6760115788900404;4414.035431267036;70.8888888888889;4414.035431267036;70.8888888888889;5301.7703404614585;64.0;4140.754263818392;76.0;3799.581689521258;72.66666666666667;2.444444444444444;2.444444444444444;2.0;3.0;2.333333333333333;0
3200154124;T105;Espec. en Crudos;Clásico;0.3125;60.75;1.1544400698353643;19.8;0.2241650608199207;4891.5188911683545;19.333333333333336;4891.5188911683545;19.333333333333336;5408.887987520282;17.0;4374.149794816426;21.666666666666668;4891.5188911683545;19.333333333333336;2.1666666666666665;2.1666666666666665;2.0;2.333333333333333;2.1666666666666665;0
3200138379;T105;Espec. en Crudos;Clásico;0.5;66.0;1.0096119975435698;25.571428571428573;0.3810640146989507;5500.0;19.0;4790.0;18.0;4727.01381355499;21.8;4727.01381355499;21.8;3891.041440664968;28.4;3.0;3.0;2.466666666666667;2.466666666666667;1.4;0
3200100902;T105;Espec. en Crudos;Premium;1.7608695652173914;16.930232558139537;1.5288890752024318;127.51724137931036;0.4435436997701543;5696.444711284168;126.0;4671.984897330461;92.88888888888889;5621.633837883389;118.71428571428572;4384.830482361404;111.88888888888889;3811.23017889732;116.72;3.0;2.888888888888889;3.2857142857142856;3.1666666666666665;2.68;0
3200105265;T105;Espec. en Crudos;Premium;3.25;9.411764705882351;1.940676436912683;23.11111111111111;0.3514860798424417;4920.687087919842;22.116666666666667;4866.631578947368;31.666666666666668;5454.260170230729;16.0;5321.394417627322;17.0;4040.462184873949;23.8;2.775;3.0;2.0;4.0;2.1;0
58500;T105;Espec. en Crudos;Premium;0.1428571428571428;159.6;0.9526877280831312;680.1666666666666;0.9284944432341248;3514.594765173781;123.66666666666669;3514.594765173781;123.66666666666669;3514.594765173781;123.66666666666669;3514.594765173781;123.66666666666669;3514.594765173781;123.66666666666669;1.0;1.0;1.0;1.0;1.0;4
3200073875;T105;Espec. en Crudos;Premium;0.3125;97.8;1.4722577431865875;981.0;0.6046600163614271;3452.7409451147346;820.75;3452.7409451147346;820.75;4414.7703404614585;1248.0;3282.7888352546443;73.0;2660.663659628102;1141.25;0.8333333333333334;0.8333333333333334;1.0;0.0;1.5;2
3200072095;T105;Espec. en Crudos;Premium;0.1351351351351351;195.75;1.1492978400719116;335.8;1.0981910620369597;2512.9896089949634;91.0;2512.9896089949634;91.0;2512.9896089949634;91.0;2512.9896089949634;91.0;2512.9896089949634;91.0;0.0;0.0;0.0;0.0;0.0;3
3200074576;T105;Espec. en Crudos;Premium;0.1290322580645161;109.0;0.4121359287603717;60.75;0.569013443408949;3937.448021450986;49.75;3937.448021450986;49.75;3937.448021450986;49.75;3982.788835254644;23.0;3892.107207647328;76.5;1.75;1.75;1.75;1.0;2.5;1
3200132937;T105;Espec. en Crudos;Premium;0.4230769230769231;66.6;1.403594321644242;23.63636363636364;0.4365172817633987;4137.179076442371;24.708333333333332;4416.04457358336;20.33333333333333;4823.861249552368;22.0;3889.931692397501;21.0;3418.878790236258;35.5;1.0416666666666667;1.6666666666666667;0.5;1.0;1.0;1
42441;T105;Espec. en Crudos;Premium;0.2291666666666666;123.9;2.480000762900449;37.18181818181818;0.3530955148857838;3937.465677455961;37.15;4022.295790432208;45.0;4857.385170230729;35.0;3782.788835254644;28.0;3087.392913906264;40.6;0.9;1.0;1.0;1.0;0.6;1
3200165221;T105;Espec. en Procesados;Premium;0.25;6.0;0.0;19.5;0.0362618862146947;4170.0;19.5;4170.0;19.5;4170.0;19.5;4250.0;19.0;4090.0;20.0;2.0;2.0;2.0;2.0;2.0;1
3200115880;T105;Multiespecialista;Clásico;0.1388888888888889;230.4;0.4096180962156325;22.166666666666668;0.1380677164648183;4458.713741537078;22.5;4922.295790432208;19.0;5039.7703404614585;25.0;3782.788835254644;22.0;4090.0;24.0;1.75;3.0;1.0;1.0;2.0;1
3200167575;T105;Espec. en Crudos;Clásico;0.5;7.0;0.0;21.0;0.2693740118805895;4745.697208813661;21.0;4350.0;25.0;4745.697208813661;21.0;5141.394417627322;17.0;4745.697208813661;21.0;3.0;2.0;3.0;4.0;3.0;0
3200102239;T105;Multiespecialista;Premium;0.25;112.0;1.5944844510333622;23.9;0.2582644244688027;3916.6403207078097;23.166666666666668;4022.295790432208;18.0;3916.6403207078097;23.166666666666668;4281.394417627322;26.0;3446.230754063899;25.5;1.388888888888889;1.0;1.388888888888889;2.0;1.1666666666666667;1
38444;T105;Espec. en Crudos;Sin asignar;1.4;5.333333333333333;1.008174705208303;45.57142857142857;0.5197211069939415;5177.459373115867;41.2;4584.630350194552;51.4;5770.288396037181;31.0;5177.459373115867;41.2;5177.459373115867;41.2;2.7;2.4;3.0;2.7;2.7;0
3200153683;T105;Espec. en Crudos;Clásico;0.625;10.22222222222222;1.493495785528783;85.6;0.7416195215582329;4192.751682141426;51.79166666666667;4322.295790432208;21.0;4764.7703404614585;24.0;4267.9740204398295;40.5;3415.966577232205;121.66666666666669;1.2083333333333333;1.0;0.0;2.5;1.3333333333333333;1
33511;T105;Multiespecialista;Clásico;1.542857142857143;18.142857142857142;5.073602167388628;20.46875;0.1626097830322592;4679.3692172367755;20.25;4652.195121951219;20.5;5382.842765440352;20.0;4594.806352858803;20.214285714285715;4087.632628696728;20.285714285714285;2.136904761904762;2.25;1.8333333333333333;2.571428571428572;1.8928571428571428;0
3200159262;T105;Multiespecialista;Clásico;0.5;29.25;0.9342885780342378;35.2;0.3623690629867805;4704.0972088136605;41.125;5150.0;51.0;4704.0972088136605;41.125;4258.194417627322;31.25;4704.0972088136605;41.125;2.625;3.0;2.625;2.25;2.625;0
39813;T105;Multiespecialista;Clásico;0.2291666666666666;97.3;1.6045953713248178;46.90909090909091;0.5556110632687087;3916.7913867040643;37.5;3916.7913867040643;37.5;3916.7913867040643;37.5;3494.416742231388;43.0;4339.16603117674;32.0;1.75;1.75;1.75;0.5;3.0;1
3200145758;T105;Multiespecialista;Clásico;1.0;34.285714285714285;0.0705201001628035;31.375;0.2526573201560921;4387.623969780219;31.166666666666664;4889.56043956044;30.33333333333333;4387.623969780219;31.166666666666664;4387.623969780219;31.166666666666664;3885.6875;32.0;2.1333333333333333;2.6666666666666665;2.1333333333333333;2.1333333333333333;1.6;1
3200071285;T105;Multiespecialista;Premium;0.24;128.0909090909091;2.733882782425856;24.25;0.4303934301541467;4799.044966342819;24.0;4799.044966342819;24.0;4997.385170230729;19.0;4600.704762454908;29.0;4799.044966342819;24.0;2.0;2.0;1.0;3.0;2.0;0
3200133185;T105;Multiespecialista;Premium;0.6153846153846154;39.45454545454545;2.7860396639355867;53.25;0.570568736105206;4280.10853520832;62.15;4532.384105960265;75.5;4280.10853520832;62.15;4280.10853520832;62.15;4027.832964456376;48.8;2.3;2.5;2.3;2.3;2.1;1
59596;T105;Multiespecialista;Premium;0.4210526315789473;47.71428571428572;0.8895921193752139;22.75;0.1571741414227168;4220.806108498372;22.433333333333334;4220.806108498372;22.433333333333334;4997.385170230729;21.0;4142.173543931339;22.8;3522.8596113330505;23.5;1.2666666666666666;1.2666666666666666;1.0;1.8;1.0;1
70619;T105;Espec. en Crudos;Clásico;0.2;158.66666666666666;0.608544336988528;49.0;0.1802400176801601;4218.328108568863;51.166666666666664;4622.295790432208;60.0;4218.328108568863;51.166666666666664;4391.394417627322;51.0;3641.294117647059;42.5;2.5;3.0;2.5;3.0;1.5;1
3200168632;T105;Emprendedores;Premium;0.5;2.0;0.0;22.5;0.4085505846855607;5215.616639849543;22.5;5215.616639849543;22.5;5215.616639849543;22.5;5215.616639849543;22.5;5215.616639849543;22.5;4.0;4.0;4.0;4.0;4.0;0
34079;T105;Multiespecialista;Premium;0.0526315789473684;672.0;0.0;27.0;0.4190262407031393;3182.7888352546443;35.0;3182.7888352546443;35.0;3182.7888352546443;35.0;3182.7888352546443;35.0;3182.7888352546443;35.0;0.0;0.0;0.0;0.0;0.0;3
3200116918;T105;Espec. en Crudos;Clásico;0.0434782608695652;371.5;0.0;37.66666666666666;0.3145018698038382;3475.575086267626;37.66666666666666;3475.575086267626;37.66666666666666;3475.575086267626;37.66666666666666;3475.575086267626;37.66666666666666;3475.575086267626;37.66666666666666;1.3333333333333333;1.3333333333333333;1.3333333333333333;1.3333333333333333;1.3333333333333333;3
19025;T105;Espec. en Crudos;Clásico;0.0851063829787234;388.0;-0.2827695122123928;20.5;0.2656932461523283;3981.394417627322;28.0;3981.394417627322;28.0;3981.394417627322;28.0;3981.394417627322;28.0;3981.394417627322;28.0;1.0;1.0;1.0;1.0;1.0;1
3200110278;T105;Emprendedores;Clásico;0.3333333333333333;46.66666666666666;0.2007001872087951;26.0;0.4452244962611625;4560.174736903548;22.333333333333336;4560.174736903548;22.333333333333336;4560.174736903548;22.333333333333336;5284.394417627322;15.0;3835.955056179775;29.666666666666668;2.8333333333333335;2.8333333333333335;2.8333333333333335;4.0;1.6666666666666667;0
8703;T105;Espec. en Crudos;Clásico;0.1463414634146341;185.2;0.1304332404645727;22.5;0.1217161238900369;4352.905278383258;22.25;4352.905278383258;22.25;4352.905278383258;22.25;4266.644525589774;22.5;4439.16603117674;22.0;2.5;2.5;2.5;2.0;3.0;0
22476;T105;Espec. en Crudos;Clásico;0.8461538461538461;37.121212121212125;1.448810559913013;25.61764705882353;0.4391223747951822;6090.0;21.0;4752.507927961072;21.33333333333333;5748.178821024379;31.5;4255.73557187715;32.4;3664.06350727218;24.3125;4.0;2.6666666666666665;2.0;2.4;1.625;0
3200139928;T105;Espec. en Crudos;Premium;0.25;104.6;0.2121346931547491;29.33333333333333;0.3514286074236167;4249.1305609002675;28.88888888888889;4249.1305609002675;28.88888888888889;5314.7703404614585;21.0;4237.621342239344;23.666666666666668;3195.0;42.0;1.5;1.5;2.0;2.0;0.5;1
24563;T105;Multiespecialista;Clásico;0.4;30.0;0.0;15.5;0.2280989616730798;5323.692585115365;15.5;4850.0;13.0;5797.385170230729;18.0;5323.692585115365;15.5;5323.692585115365;15.5;3.0;3.0;3.0;3.0;3.0;0
1831;T105;Multiespecialista;Premium;0.0666666666666666;431.5;0.0;33.666666666666664;0.3518684285924131;4022.295790432209;40.0;4022.295790432209;40.0;4022.295790432209;40.0;4022.295790432209;40.0;4022.295790432209;40.0;1.0;1.0;1.0;1.0;1.0;1
3200147248;T105;Espec. en Crudos;Sin asignar;0.3478260869565217;43.142857142857146;1.0725088094187163;25.375;0.429092842077275;3920.129704666847;23.9;3920.129704666847;23.9;3920.129704666847;23.9;4057.621050019744;29.8;3782.63835931395;18.0;1.5333333333333332;1.5333333333333332;1.5333333333333332;1.4;1.6666666666666667;1
3200017088;T105;Espec. en Crudos;Clásico;0.125;113.0;0.0;23.5;0.1504482513162867;4392.1766780249145;23.5;4392.1766780249145;23.5;5014.7703404614585;26.0;4392.1766780249145;23.5;3769.58301558837;21.0;1.0;1.0;1.0;1.0;1.0;1
3200105811;T105;Espec. en Crudos;Clásico;5.666666666666667;5.369565217391305;3.620294071213024;24.73160173160173;0.4459829357035751;5287.572163685586;28.5;5077.502053100017;23.95;5747.982778342602;25.96;4672.862958867704;25.35;4439.12170962645;24.160714285714285;1.5;3.3;2.64;3.15;2.7857142857142856;0
3200146319;T105;Espec. en Crudos;Sin asignar;3.7916666666666665;7.669902912621359;3.425787710417261;71.1923076923077;0.5947184249029621;5005.993216317166;265.0;4342.183965280058;80.70588235294117;5290.033882507474;57.7;4248.8558596004805;74.88571428571429;3764.417982970345;62.65853658536585;3.0;2.0588235294117645;2.0;2.628571428571429;1.8780487804878048;0
3200056186;T105;Espec. en Crudos;Clásico;0.7291666666666666;40.38235294117647;2.418048289521351;144.14285714285714;1.5323987767337544;3262.3358618156694;207.35416666666663;3434.0231833144235;105.75;3971.988385574241;443.3333333333333;3322.545282246048;77.55555555555556;2320.786596127966;202.77777777777777;0.22916666666666666;0.25;0.0;0.4444444444444444;0.2222222222222222;4
3200147500;T105;Espec. en Crudos;Sin asignar;0.1176470588235294;7.0;0.0;23.5;0.0300896502632573;4120.16813085774;23.5;4120.16813085774;23.5;4120.16813085774;23.5;4120.16813085774;23.5;4120.16813085774;23.5;1.0;1.0;1.0;1.0;1.0;1
1460;T105;Multiespecialista;Clásico;0.1875;70.5;0.0;19.666666666666668;0.1058474237016677;2476.1859254215074;20.25;2476.1859254215074;20.25;2476.1859254215074;20.25;2982.7888352546443;18.5;1969.5830155883705;22.0;0.0;0.0;0.0;0.0;0.0;3
3200152471;T105;Emprendedores;Clásico;0.25;167.0;0.0;20.0;0.0707106781186547;3950.0;20.0;4300.0;19.0;3950.0;20.0;3950.0;20.0;3600.0;21.0;1.5;2.0;1.5;1.5;1.0;1
3200091694;T105;Espec. en Crudos;Clásico;0.6041666666666666;51.62068965517241;2.524147334425656;66.53333333333333;0.6015486875030647;4059.2601970661694;86.625;4422.295790432208;130.0;4059.2601970661694;86.625;4087.795791872552;54.625;3667.689008893749;75.25;2.319444444444444;3.0;2.319444444444444;2.125;1.8333333333333333;1
24576;T105;Espec. en Crudos;Clásico;0.1666666666666666;172.33333333333334;0.7253428445597916;25.285714285714285;0.4616087741452964;4064.752552539241;22.75;4064.752552539241;22.75;4064.752552539241;22.75;4181.394417627322;23.0;3948.11068745116;22.5;1.875;1.875;1.875;2.0;1.75;1
3200140871;T105;Espec. en Crudos;Sin asignar;0.1904761904761904;101.0;-0.6879033236246608;20.75;0.072289156626506;4169.94170604458;20.833333333333332;4169.94170604458;20.833333333333332;4964.7703404614585;20.0;4075.471762083912;20.5;3469.58301558837;22.0;1.1666666666666667;1.1666666666666667;1.0;1.5;1.0;1
3200096219;T105;Espec. en Procesados;Clásico;0.1666666666666666;34.0;0.0;19.0;0.0744322927564787;2969.5830155883705;19.0;2969.5830155883705;19.0;2969.5830155883705;19.0;2969.5830155883705;19.0;2969.5830155883705;19.0;0.0;0.0;0.0;0.0;0.0;3
36167;T105;Espec. en Procesados;Clásico;0.1818181818181818;192.5;0.0;29.33333333333333;0.5240842071636457;3552.0487495812727;33.75;3552.0487495812727;33.75;3552.0487495812727;33.75;4081.394417627322;47.0;3022.703081535223;20.5;1.25;1.25;1.25;2.0;0.5;3
3200007676;T105;Espec. en Crudos;Clásico;0.9411764705882352;35.5625;3.5018406208992605;46.41176470588236;0.6475565058311034;3976.262085313926;50.08333333333333;4222.295790432208;21.0;5198.812893652948;31.33333333333333;3366.7510994055874;106.0;3117.188557764958;42.0;0.8219696969696969;1.0;1.3333333333333333;0.5;0.4545454545454545;1
89617;T105;Espec. en Crudos;Clásico;0.1578947368421052;52.5;0.0;205.66666666666663;0.7524118078915453;4382.5402716187355;250.0;4382.5402716187355;250.0;4782.291707982827;117.0;3982.788835254644;383.0;4382.5402716187355;250.0;2.75;2.75;1.5;4.0;2.75;4
3200132062;T105;Espec. en Crudos;Clásico;1.1304347826086956;25.466666666666665;2.267079959405488;67.58064516129032;0.4717134836464258;4995.993216317166;158.0;4248.187845303867;90.5;4856.933557327503;51.66666666666666;4163.424125308768;71.8;3859.214622431625;58.86666666666667;2.0;2.0;1.0;2.5;1.9333333333333331;1
3200156740;T105;Espec. en Crudos;Clásico;0.1875;13.0;0.0;36.0;0.3004626062886658;4769.315302143766;33.0;4769.315302143766;33.0;5205.841769032887;42.0;4332.788835254644;24.0;4769.315302143766;33.0;1.75;1.75;1.5;2.0;1.75;1
48358;T105;Espec. en Crudos;Clásico;0.1481481481481481;215.0;0.6154201237408002;74.6;0.548091835756619;4159.716083817507;56.833333333333336;4159.716083817507;56.833333333333336;4937.385170230729;24.0;4041.763081221792;108.5;3500.0;38.0;1.5;1.5;1.0;2.5;1.0;1
3200115967;T105;Espec. en Crudos;Premium;0.75;30.82857142857143;2.417050239561536;81.58333333333333;0.6525426099940582;4173.923908604969;91.58333333333333;4358.069490738018;54.5;5231.4370071281255;88.0;3861.503522128674;117.33333333333331;3244.68561442506;106.5;1.8333333333333333;1.8333333333333333;2.0;2.0;1.5;1
3200121340;T105;Espec. en Crudos;Premium;0.238095238095238;131.3;0.9080703394630374;390.09090909090907;0.8986468769192186;3453.5956021080974;422.25;3272.295790432208;871.0;4114.7703404614585;74.0;3982.788835254644;53.0;2444.5274422840785;691.0;1.0;2.0;0.0;1.0;1.0;4
3200098958;T105;Espec. en Crudos;Premium;1.1458333333333333;26.545454545454547;1.2926497115950648;117.28571428571428;1.0071612022295011;3922.673070069667;119.3720238095238;4102.739481601832;148.0;4614.7703404614585;98.0;3892.22764929561;71.57142857142857;3080.954808919768;159.91666666666666;1.0505952380952381;1.6666666666666667;0.0;1.2857142857142858;1.25;1
3200140741;T105;Espec. en Crudos;Clásico;0.25;127.0;0.6269339300940242;25.5;0.1648303295806339;4314.138146781273;26.5;4314.138146781273;26.5;4914.7703404614585;27.0;4891.394417627322;30.0;3136.249682255037;22.5;1.5;1.5;1.0;3.0;0.5;1
3200059241;T105;Espec. en Crudos;Clásico;0.0857142857142857;206.5;0.0;59.333333333333336;0.7263503981525387;5176.788835254644;26.0;5176.788835254644;26.0;5176.788835254644;26.0;5176.788835254644;26.0;5176.788835254644;26.0;4.0;4.0;4.0;4.0;4.0;0
3200084137;T105;Espec. en Crudos;Clásico;0.5454545454545454;60.16666666666666;0.7435841293164138;44.85714285714285;0.4139596568943321;4229.459467505758;46.875;4590.0;22.0;4807.385170230729;80.0;4246.922872911875;41.0;3273.529826880427;44.5;1.5416666666666665;2.0;1.0;2.6666666666666665;0.5;1
3200077796;T105;Espec. en Crudos;Premium;0.673469387755102;40.39473684210526;4.212267395941066;64.23076923076923;1.221386719329195;4367.12073375557;67.36805555555556;4394.098360655737;30.5;5390.268891160962;53.75;3919.3798286589927;120.0;3764.7358545465854;65.22222222222223;2.1488095238095237;2.0;2.5;2.4285714285714284;1.6666666666666667;1
3200115484;T105;Espec. en Crudos;Clásico;1.8125;17.051724137931036;2.7215630726494977;22.338983050847457;0.2197126458684992;4294.921671929114;23.90625;4250.811096695618;27.25;5097.385170230729;24.0;4063.8874757064177;23.375;3767.6029450836895;21.0;1.3303571428571428;1.25;1.0;1.5;1.5714285714285714;1
3200173952;T105;Espec. en Crudos;Clásico;0.3333333333333333;32.666666666666664;-0.3418641683115283;32.25;0.4069582867723004;4187.582417582417;34.166666666666664;4187.582417582417;34.166666666666664;4187.582417582417;34.166666666666664;4390.0;38.0;3985.164835164835;30.33333333333333;2.5;2.5;2.5;3.0;2.0;1
3200079073;T105;Espec. en Crudos;Clásico;1.3125;23.227272727272727;3.867548936663983;27.217391304347824;0.3684055695325794;4131.748863917023;24.67361111111111;4131.748863917023;24.67361111111111;5207.385170230729;16.0;3854.573114384888;31.83333333333333;3333.288307135454;26.1875;1.25;1.25;2.0;1.0;0.75;1
3200074431;T105;Espec. en Crudos;Sin asignar;0.1538461538461538;8.0;0.0;20.5;0.1034790411492508;3357.3878936371502;20.5;3357.3878936371502;20.5;3357.3878936371502;20.5;3357.3878936371502;20.5;3357.3878936371502;20.5;0.5;0.5;0.5;0.5;0.5;3
3200142731;T105;Espec. en Crudos;Clásico;0.0952380952380952;326.0;0.0;29.5;0.4554247065269289;3870.185925421507;29.5;3870.185925421507;29.5;3870.185925421507;29.5;4270.788835254644;39.0;3469.5830155883696;20.0;1.5;1.5;1.5;2.0;1.0;1
3200177015;T105;Espec. en Crudos;Clásico;0.2222222222222222;7.0;0.0;23.5;0.090268950789772;3593.617021276596;23.5;3593.617021276596;23.5;3593.617021276596;23.5;3593.617021276596;23.5;3593.617021276596;23.5;1.0;1.0;1.0;1.0;1.0;3
3200169247;T105;Emprendedores;Clásico;0.3333333333333333;5.0;0.0;29.5;0.3595458209423123;5815.520763451068;29.5;5815.520763451068;29.5;5815.520763451068;29.5;5815.520763451068;29.5;5815.520763451068;29.5;3.0;3.0;3.0;3.0;3.0;0
54487;T105;Espec. en Crudos;Clásico;0.4210526315789473;68.22222222222223;2.410801431409197;19.3;0.1486724643637813;4118.260760912962;19.355555555555558;4118.260760912962;19.355555555555558;4845.539571230689;21.666666666666668;3987.091626440984;18.0;3522.151085067213;18.4;1.122222222222222;1.122222222222222;0.6666666666666666;1.5;1.2;1
62144;T105;Espec. en Crudos;Sin asignar;0.4333333333333333;75.38461538461539;1.1735922671451782;36.21428571428572;0.6582085987167117;4412.515431479201;48.9625;4472.295790432208;106.0;5190.1545302844925;25.75;3945.129357386358;41.5;4042.482047813746;22.6;2.0625;3.0;1.75;1.5;2.0;1
2317;T105;Multiespecialista;Premium;0.1818181818181818;137.4;1.0422055711516756;159.8181818181818;0.8678673781106054;3624.7092596544726;161.46428571428572;3624.7092596544726;161.46428571428572;3624.7092596544726;161.46428571428572;3870.477512183196;174.5;3378.94100712575;148.42857142857142;2.2857142857142856;2.2857142857142856;2.2857142857142856;3.0;1.5714285714285714;4
3200044100;T105;Multiespecialista;Premium;0.1590909090909091;187.83333333333331;1.4790828153197262;130.57142857142858;1.5640820910617772;3988.1985769170537;23.333333333333332;3988.1985769170537;23.333333333333332;4857.385170230729;22.0;3782.788835254644;17.0;3324.421725265789;31.0;1.0;1.0;1.0;1.0;1.0;1
3857;T105;Multiespecialista;Premium;0.2954545454545454;93.33333333333331;1.7212731466561928;189.92307692307693;1.3615507821692734;3601.38139343463;122.25;3601.38139343463;122.25;3601.38139343463;122.25;3866.552722100562;122.5;3336.210064768698;122.0;1.75;1.75;1.75;2.25;1.25;4
45576;T105;Espec. en Crudos;Clásico;0.8958333333333334;34.02272727272727;1.775762100834718;30.933333333333334;0.6306478545401237;4252.236560985078;33.99212962962963;4252.236560985078;33.99212962962963;5081.595893646715;29.4;4158.14557677762;23.6875;3516.9682125308964;48.888888888888886;1.4898148148148147;1.4898148148148147;1.4;1.625;1.4444444444444444;1
3200158500;T105;Espec. en Crudos;Clásico;1.9;16.0;1.7269719481842352;28.043478260869566;0.4179965828663389;4523.943531450648;28.305555555555557;4441.578947368421;33.25;5456.450590791476;26.75;4133.285128183236;28.55555555555556;4064.45945945946;24.666666666666668;2.0277777777777777;2.25;2.25;1.7777777777777777;1.8333333333333333;0
3200094168;T105;Espec. en Crudos;Clásico;0.7619047619047619;33.225806451612904;1.551734170138293;28.78125;0.4856854490461875;3743.8465311520613;34.44074074074074;3822.295790432208;46.0;3743.8465311520613;34.44074074074074;3950.3628124690777;28.1;3458.880990554899;29.22222222222222;0.7592592592592592;0.0;0.7592592592592592;1.5;0.7777777777777778;3
3200095490;T105;Espec. en Crudos;Clásico;0.6444444444444445;46.96551724137931;3.9160572259561706;20.0;0.1875430984949951;4403.201423919744;18.92028985507246;4472.295790432208;19.0;4895.482628246903;19.0;4220.169319556851;17.333333333333332;4024.857957443016;20.347826086956523;1.7210144927536233;2.0;1.0;1.6666666666666667;2.217391304347826;1
31568;T105;Multiespecialista;Clásico;0.0909090909090909;432.0;0.0;24.0;0.0;4751.091626440983;24.0;4751.091626440983;24.0;4751.091626440983;24.0;4751.091626440983;24.0;4751.091626440983;24.0;3.0;3.0;3.0;3.0;3.0;0
3200178711;T105;Espec. en Crudos;Clásico;0.3333333333333333;11.5;0.0;28.0;0.4559694762429894;3849.5;27.25;3849.5;27.25;3849.5;27.25;4109.0;25.0;3590.0;29.5;1.5;1.5;1.5;2.0;1.0;1
3200136158;T105;Espec. en Crudos;Premium;0.8235294117647058;19.703703703703702;4.281111822594258;39.17857142857143;0.596982148343149;4333.298469427457;36.63333333333334;4069.66421148484;19.0;5014.7703404614585;39.5;4355.9347580014255;38.833333333333336;3892.824567762106;49.2;1.7166666666666666;1.0;1.0;2.6666666666666665;2.2;1
3200146002;T105;Espec. en Crudos;Sin asignar;0.25;131.0;-0.3085358700458988;40.0;0.1670828137980285;4340.805378954971;37.66666666666667;4340.805378954971;37.66666666666667;4340.805378954971;37.66666666666667;5381.394417627322;33.0;3300.216340282621;42.333333333333336;2.3333333333333335;2.3333333333333335;2.3333333333333335;4.0;0.6666666666666666;1
75660;T105;Multiespecialista;Premium;0.3061224489795918;88.92857142857143;2.9513349594411147;41.73333333333333;0.6570582070931306;4325.673197116689;38.94444444444445;4325.673197116689;38.94444444444445;5514.7703404614585;22.0;4404.077194204349;34.0;3058.1720566842605;60.833333333333336;1.7777777777777777;1.7777777777777777;2.0;2.833333333333333;0.5;1
3200149812;T105;Multiespecialista;Sin asignar;1.0;31.59090909090909;1.3002599308390057;187.4782608695652;1.396406557512344;4159.0949930143415;170.18452380952382;4309.485489789141;76.0;5054.879029819267;149.16666666666666;4176.3684374018585;216.14285714285717;3095.647015047098;239.42857142857144;1.994047619047619;2.0;1.8333333333333333;2.571428571428572;1.5714285714285714;4
6488;T105;Emprendedores;Clásico;0.2;31.5;0.0;30.666666666666668;0.3807452149594998;3737.437869150219;31.25;3737.437869150219;31.25;3737.437869150219;31.25;4091.394417627322;33.0;3383.4813206731155;29.5;1.25;1.25;1.25;2.0;0.5;1
3200173589;T105;Espec. en Crudos;Clásico;1.0909090909090908;8.909090909090908;1.009296117678964;23.416666666666668;0.2916097154917691;4152.614503816794;21.409090909090907;4152.614503816794;21.409090909090907;4152.614503816794;21.409090909090907;4190.0;19.0;4115.229007633588;23.818181818181817;2.090909090909091;2.090909090909091;2.090909090909091;2.0;2.1818181818181817;1
10343;T105;Espec. en Crudos;Clásico;3.58;8.182291666666666;6.205039998425994;42.870466321243526;0.8174739261745234;4433.868137275771;48.71931306306307;4295.571702159395;44.333333333333336;5245.216055315793;65.0;4375.556957073581;53.625;3819.127834554316;31.91891891891892;2.1011542792792794;1.8333333333333333;2.1;2.6875;1.7837837837837838;0
3200173717;T105;Espec. en Crudos;Clásico;0.2222222222222222;7.0;0.0;23.0;0.1229750923802691;3436.9565217391305;23.0;3436.9565217391305;23.0;3436.9565217391305;23.0;3436.9565217391305;23.0;3436.9565217391305;23.0;1.0;1.0;1.0;1.0;1.0;3
3200173935;T105;Espec. en Crudos;Clásico;0.1666666666666666;107.0;0.0;20.0;0.1414213562373095;4140.0;20.0;4140.0;20.0;4140.0;20.0;4590.0;22.0;3690.0;18.0;2.0;2.0;2.0;3.0;1.0;1
3200141857;T105;Espec. en Crudos;Sin asignar;0.6666666666666666;45.42105263157895;1.888042789997421;34.85;0.7054681454940659;4389.741934117729;33.0719696969697;4422.295790432208;20.0;5098.935984633237;54.333333333333336;4334.534400074296;27.5;3703.201561331174;30.454545454545453;1.8655303030303032;2.0;1.6666666666666667;2.25;1.5454545454545454;1
3200143778;T105;Espec. en Crudos;Sin asignar;1.851851851851852;15.410714285714286;4.254756749762949;34.63157894736842;0.9101084662318016;4312.160267810675;37.99009103641456;4574.0558021399065;59.66666666666666;4821.81732032723;29.8;4288.163542208114;27.529411764705884;3564.6044065674487;34.964285714285715;1.7589985994397757;2.1666666666666665;0.8;2.176470588235294;1.8928571428571428;1
55205;T105;Multiespecialista;Premium;0.36;65.05882352941177;2.330241025815288;42.61111111111112;0.7888955437070666;4246.329012295315;73.20833333333334;4472.295790432208;73.0;4851.334217113441;113.5;4288.021393394179;57.333333333333336;3373.664648241431;49.0;1.6666666666666665;2.0;1.5;2.6666666666666665;0.5;1
3200110151;T105;Espec. en Crudos;Clásico;0.53125;51.0;2.471775819817091;21.952380952380956;0.3254663658743783;4277.703710864708;20.88095238095238;4277.703710864708;20.88095238095238;5407.385170230729;19.0;3524.25224988879;20.5;3901.473712474605;23.142857142857142;1.6190476190476188;1.6190476190476188;2.0;1.0;1.8571428571428568;1
3200025841;T105;Espec. en Crudos;Clásico;0.5;44.18181818181818;2.166611218662513;50.56521739130435;0.760904244004806;4058.3933558936237;84.55555555555556;4304.11397225039;36.66666666666666;4058.3933558936237;84.55555555555556;4232.788835254644;102.0;3638.277260175838;115.0;2.3333333333333335;1.3333333333333333;2.3333333333333335;3.0;2.6666666666666665;1
32575;T105;Espec. en Crudos;Clásico;0.72;42.8;2.8310586084280813;53.41666666666666;0.7337056336498414;3933.720522026332;75.1;3933.720522026332;75.1;3933.720522026332;75.1;4132.788835254644;102.0;3734.65220879802;48.2;2.4;2.4;2.4;3.0;1.8;1
3200159049;T105;Multiespecialista;Clásico;1.8571428571428568;14.242424242424242;2.919691407790207;34.705882352941174;0.3961228178825525;5650.0;20.0;4588.780487804878;41.0;5840.462093307653;21.666666666666668;4570.172440079406;33.125;4420.676893530309;37.0;3.0;2.25;3.0;2.875;2.611111111111111;0
3200119128;T105;Multiespecialista;Premium;0.22;139.0;1.8196556665235395;45.0;0.5308020739888285;4453.909563690987;57.083333333333336;4490.0;68.0;4453.909563690987;57.083333333333336;4464.902129963182;46.0;4406.826561109778;57.25;2.472222222222222;2.0;2.472222222222222;2.6666666666666665;2.75;0
3200051026;T105;Multiespecialista;Premium;0.0833333333333333;464.5;0.0;33.666666666666664;0.3271824087496694;6612.385170230729;40.0;6612.385170230729;40.0;6612.385170230729;40.0;6612.385170230729;40.0;6612.385170230729;40.0;3.5;3.5;3.5;3.5;3.5;0
35592;T105;Emprendedores;Clásico;0.2222222222222222;18.0;0.0;18.0;0.1571348402636772;3845.0;18.0;3845.0;18.0;3845.0;18.0;4190.0;20.0;3500.0;16.0;1.5;1.5;1.5;2.0;1.0;1
58388;T105;Multiespecialista;Premium;0.4047619047619047;55.1875;2.6345877262629505;30.11764705882353;0.3836150806346539;4136.429262921503;34.4375;4022.295790432208;36.0;5014.7703404614585;42.0;3901.648094513904;33.75;3607.002826278441;26.0;1.0625;1.0;1.0;1.0;1.25;1
3200158238;T105;Multiespecialista;Premium;0.2142857142857142;40.0;0.0;30.0;0.2185812841434;3245.1385711439257;30.0;3245.1385711439257;30.0;3245.1385711439257;30.0;3245.1385711439257;30.0;3245.1385711439257;30.0;0.6666666666666666;0.6666666666666666;0.6666666666666666;0.6666666666666666;0.6666666666666666;3
3200151635;T105;Multiespecialista;Clásico;0.5;14.0;0.0;16.0;0.0883883476483184;5173.692585115365;16.0;4590.0;15.0;5757.385170230729;17.0;5173.692585115365;16.0;5173.692585115365;16.0;2.5;2.0;3.0;2.5;2.5;0
14352;T105;Emprendedores;Clásico;0.1666666666666666;21.0;0.0;22.0;0.128564869306645;2360.492106497461;22.0;2360.492106497461;22.0;2360.492106497461;22.0;2360.492106497461;22.0;2360.492106497461;22.0;0.0;0.0;0.0;0.0;0.0;3
3200110652;T105;Espec. en Procesados;Clásico;0.054054054054054;1018.0;0.0;21.0;0.1346870059402947;4450.0;23.0;4450.0;23.0;4450.0;23.0;4450.0;23.0;4450.0;23.0;2.0;2.0;2.0;2.0;2.0;1
3200145293;T105;Espec. en Procesados;Sin asignar;0.2;177.0;0.0;31.33333333333333;0.3807559610249634;4286.768451427344;28.0;4390.0;18.0;4286.768451427344;28.0;4183.536902854688;38.0;4286.768451427344;28.0;2.0;2.0;2.0;2.0;2.0;1
3200111596;T105;Multiespecialista;Clásico;0.42;69.81818181818181;1.4882727675194647;81.34782608695652;0.6060080268288377;3696.7514498122696;115.71428571428572;3696.7514498122696;115.71428571428572;3696.7514498122696;115.71428571428572;3843.320682388402;157.0;3550.182217236137;74.42857142857143;2.1785714285714284;2.1785714285714284;2.1785714285714284;2.5;1.8571428571428568;1
13454;T105;Multiespecialista;Clásico;0.56;55.66666666666666;2.11526813729594;54.32142857142857;0.8821514558927189;4672.690414602314;50.052083333333336;4550.0;32.0;5635.022731027419;28.0;4589.854991618047;51.333333333333336;3915.883935763792;88.875;2.552083333333333;2.0;2.5;2.833333333333333;2.875;0
58651;T105;Espec. en Crudos;Premium;5.775510204081633;5.256756756756757;3.7385106075341503;25.966329966329965;0.5042267970790787;5661.6368018525445;37.8;5075.523492257134;27.33333333333333;5617.566937653794;24.285714285714285;4645.178641685437;23.155555555555555;4105.008484083745;27.703703703703702;2.2;3.1904761904761907;2.571428571428572;2.977777777777778;2.314814814814815;0
3200178008;T105;Espec. en Crudos;Clásico;0.3333333333333333;14.0;0.0;38.333333333333336;0.6465847459137845;4245.0;37.25;4245.0;37.25;4800.0;34.0;4245.0;37.25;3690.0;40.5;1.25;1.25;1.0;1.25;1.5;1
76450;T105;Espec. en Crudos;Clásico;0.5217391304347826;45.34782608695652;2.7963193094484824;184.54166666666663;0.8171106006173329;3858.154234297457;108.0;4172.295790432208;112.0;4514.7703404614585;76.0;3782.788835254644;27.0;2962.7619710415192;217.0;1.0;2.0;0.0;1.0;1.0;1
3200132670;T105;Espec. en Crudos;Premium;0.52;27.08333333333333;1.6259812183404598;85.61538461538461;0.8952602051096582;4025.4179570536476;78.25;3772.295790432209;82.5;4614.7703404614585;43.0;3883.934289800098;110.0;3830.6714075208256;77.5;1.2291666666666665;1.0;0.0;1.75;2.1666666666666665;1
3200109750;T105;Multiespecialista;Clásico;0.1555555555555555;211.16666666666663;1.362360486215917;30.428571428571427;0.6100818087618401;3394.3512230082774;36.0;4150.0;25.0;3394.3512230082774;36.0;3463.4706534364623;44.0;2569.58301558837;39.0;0.8333333333333334;1.0;0.8333333333333334;1.5;0.0;3
3200006219;T105;Multiespecialista;Clásico;0.04;1155.0;0.0;16.5;0.1285648693066449;2569.58301558837;18.0;2569.58301558837;18.0;2569.58301558837;18.0;2569.58301558837;18.0;2569.58301558837;18.0;0.0;0.0;0.0;0.0;0.0;3
28747;T105;Multiespecialista;Premium;0.3181818181818182;92.6153846153846;2.1625123399399846;38.07142857142857;0.587105758550135;3152.1449573807804;38.666666666666664;4095.4574389266495;45.0;3152.1449573807804;38.666666666666664;2691.394417627322;49.0;2669.58301558837;22.0;0.16666666666666666;0.5;0.16666666666666666;0.0;0.0;3
3200102208;T105;Espec. en Crudos;Clásico;0.3333333333333333;9.0;0.0;28.666666666666668;0.7353214769191803;3748.1884057971015;25.75;3748.1884057971015;25.75;3748.1884057971015;25.75;4150.0;17.0;3346.376811594203;34.5;1.5;1.5;1.5;2.0;1.0;1
3200143451;T105;Emprendedores;Sin asignar;0.1666666666666666;82.2;1.4892184413588008;20.83333333333333;0.1025748507188775;4121.596543512932;19.7;4121.596543512932;19.7;4121.596543512932;19.7;4190.0;18.0;4053.193087025864;21.4;1.9;1.9;1.9;2.0;1.8;1
22765;T105;Espec. en Crudos;Clásico;0.2;61.0;0.0;25.0;0.1131370849898476;4355.6;25.0;4355.6;25.0;4355.6;25.0;4355.6;25.0;4355.6;25.0;2.5;2.5;2.5;2.5;2.5;0
39500;T105;Espec. en Procesados;Clásico;0.1111111111111111;21.0;0.0;21.0;0.2020305089104421;4668.5330654468335;21.0;4322.295790432208;18.0;5014.7703404614585;24.0;4668.5330654468335;21.0;4668.5330654468335;21.0;1.0;1.0;1.0;1.0;1.0;1
3200006541;T105;Multiespecialista;Clásico;0.425;67.94444444444444;1.7167388283433698;33.10526315789474;0.4545404887881232;4070.9438889844446;42.57142857142858;4122.295790432208;39.0;4070.9438889844446;42.57142857142858;4182.788835254644;42.0;3907.747041266481;46.71428571428572;1.6666666666666667;1.0;1.6666666666666667;2.0;2.0;1
19819;T105;Espec. en Crudos;Clásico;0.25;12.0;0.0;22.5;0.1571348402636772;4086.9499731828782;22.5;4086.9499731828782;22.5;4086.9499731828782;22.5;4086.9499731828782;22.5;4086.9499731828782;22.5;2.0;2.0;2.0;2.0;2.0;1
3200106889;T105;Espec. en Crudos;Premium;1.38;20.20253164556962;5.910314616122192;23.2375;0.3919822679616853;5882.553191489362;47.0;5159.754601226994;23.285714285714285;5620.837023951889;23.272727272727277;4379.64108868309;22.23809523809524;3813.463951795645;22.20833333333333;2.5;2.7857142857142856;2.272727272727273;2.333333333333333;1.5833333333333333;0
3200149886;T105;Espec. en Crudos;Sin asignar;1.1538461538461535;26.857142857142858;2.0188975864835284;56.73333333333333;0.5665338624364741;5490.0;100.0;4300.0;123.0;5735.554184315236;71.0;4733.675659249522;84.54545454545455;3409.148452682854;44.18181818181818;2.0;2.0;3.0;1.9318181818181819;0.7272727272727273;0
3200145770;T105;Multiespecialista;Sin asignar;0.5652173913043478;52.76923076923077;1.485919728991329;33.92857142857143;0.6985721640601952;4700.942872137318;29.5625;4650.0;30.0;5871.231324076884;19.5;4199.264230862258;50.5;4083.275933610129;18.25;2.5416666666666665;2.5;3.0;2.6666666666666665;2.0;0
