Año,Semana,año nuevo,Semana santa,Día Nacional del Trabajo,Día de las Glorias Navales,San Pedro y San Pablo,Día de la Virgen del Carmen,Asunción de la Virgen,Fiestas patrias(Viernes),Encuentro de Dos Mundos,Día de las Iglesias Evangélicas y Protestantes,Día de Todos los Santos,Inmaculada Concepción,Navidad,Día natural,Kilos Venta KG,Precio Promedio CLP,y,yhat,Error
2019,1,2.0,0.0,0.0,0.0,0.0,0.0,0.0,0.0,0.0,0.0,0.0,0.0,0.0,2019-01-03,41,3516.2195121951218,41,47.16291202721127,6.16291202721127
2019,1,2.0,0.0,0.0,0.0,0.0,0.0,0.0,0.0,0.0,0.0,0.0,0.0,0.0,2019-01-04,22,3562.0454545454545,22,123.3959494651005,101.3959494651005
2019,1,2.0,0.0,0.0,0.0,0.0,0.0,0.0,0.0,0.0,0.0,0.0,0.0,0.0,2019-01-05,22,3463.409090909091,22,68.88366519807951,46.88366519807951
2019,2,3.0,0.0,0.0,0.0,0.0,0.0,0.0,0.0,0.0,0.0,0.0,0.0,0.0,2019-01-07,20,3449.25,20,-39.785590061974624,-59.785590061974624
2019,2,3.0,0.0,0.0,0.0,0.0,0.0,0.0,0.0,0.0,0.0,0.0,0.0,0.0,2019-01-09,502,1950.2988047808765,502,119.95539707408078,-382.0446029259192
2019,2,3.0,0.0,0.0,0.0,0.0,0.0,0.0,0.0,0.0,0.0,0.0,0.0,0.0,2019-01-10,68,2335.294117647059,68,110.91894658857657,42.918946588576574
2019,2,3.0,0.0,0.0,0.0,0.0,0.0,0.0,0.0,0.0,0.0,0.0,0.0,0.0,2019-01-11,146,2032.5479452054794,146,180.77425692483794,34.77425692483794
2019,2,3.0,0.0,0.0,0.0,0.0,0.0,0.0,0.0,0.0,0.0,0.0,0.0,0.0,2019-01-12,212,2258.146226415094,212,119.07048527666436,-92.92951472333564
2019,3,0.0,0.0,0.0,0.0,0.0,0.0,0.0,0.0,0.0,0.0,0.0,0.0,0.0,2019-01-14,19,2531.5789473684213,19,-5.582202815898718,-24.582202815898718
2019,3,0.0,0.0,0.0,0.0,0.0,0.0,0.0,0.0,0.0,0.0,0.0,0.0,0.0,2019-01-16,58,2014.8275862068965,58,137.51717424794236,79.51717424794236
2019,3,0.0,0.0,0.0,0.0,0.0,0.0,0.0,0.0,0.0,0.0,0.0,0.0,0.0,2019-01-17,75,2017.8666666666666,75,120.46390693188464,45.46390693188464
2019,3,0.0,0.0,0.0,0.0,0.0,0.0,0.0,0.0,0.0,0.0,0.0,0.0,0.0,2019-01-18,474,1164.0675105485232,474,182.7814930876894,-291.2185069123106
2019,3,0.0,0.0,0.0,0.0,0.0,0.0,0.0,0.0,0.0,0.0,0.0,0.0,0.0,2019-01-19,311,1763.2861736334405,311,114.20627986248195,-196.79372013751805
2019,4,0.0,0.0,0.0,0.0,0.0,0.0,0.0,0.0,0.0,0.0,0.0,0.0,0.0,2019-01-22,54,2487.037037037037,54,-0.7227689027439865,-54.72276890274399
2019,4,0.0,0.0,0.0,0.0,0.0,0.0,0.0,0.0,0.0,0.0,0.0,0.0,0.0,2019-01-23,22,2448.8636363636365,22,114.73402464936325,92.73402464936325
2019,4,0.0,0.0,0.0,0.0,0.0,0.0,0.0,0.0,0.0,0.0,0.0,0.0,0.0,2019-01-24,19,2023.157894736842,19,96.06372620634873,77.06372620634873
2019,5,0.0,0.0,0.0,0.0,0.0,0.0,0.0,0.0,0.0,0.0,0.0,0.0,0.0,2019-01-30,39,2412.3076923076924,39,104.44830601051481,65.44830601051481
2019,5,0.0,0.0,0.0,0.0,0.0,0.0,0.0,0.0,0.0,0.0,0.0,0.0,0.0,2019-01-31,41,2232.6585365853657,41,91.2219630967391,50.2219630967391
2019,5,0.0,0.0,0.0,0.0,0.0,0.0,0.0,0.0,0.0,0.0,0.0,0.0,0.0,2019-02-01,69,2120.0,69,159.07853314576346,90.07853314576346
2019,5,0.0,0.0,0.0,0.0,0.0,0.0,0.0,0.0,0.0,0.0,0.0,0.0,0.0,2019-02-02,124,1791.991935483871,124,97.55257649288947,-26.44742350711053
2019,6,0.0,0.0,0.0,0.0,0.0,0.0,0.0,0.0,0.0,0.0,0.0,0.0,0.0,2019-02-04,79,2324.012658227848,79,-20.567374925984424,-99.56737492598442
2019,6,0.0,0.0,0.0,0.0,0.0,0.0,0.0,0.0,0.0,0.0,0.0,0.0,0.0,2019-02-05,77,2056.779220779221,77,10.293029275798823,-66.70697072420117
2019,6,0.0,0.0,0.0,0.0,0.0,0.0,0.0,0.0,0.0,0.0,0.0,0.0,0.0,2019-02-06,107,1986.728971962617,107,136.17957063561957,29.17957063561957
2019,6,0.0,0.0,0.0,0.0,0.0,0.0,0.0,0.0,0.0,0.0,0.0,0.0,0.0,2019-02-07,333,1905.3573573573574,333,128.02739207705446,-204.97260792294554
2019,6,0.0,0.0,0.0,0.0,0.0,0.0,0.0,0.0,0.0,0.0,0.0,0.0,0.0,2019-02-08,119,2020.5546218487395,119,200.2451690301349,81.24516903013489
2019,6,0.0,0.0,0.0,0.0,0.0,0.0,0.0,0.0,0.0,0.0,0.0,0.0,0.0,2019-02-09,461,1752.8958785249458,461,142.25029409124085,-318.74970590875915
2019,7,0.0,0.0,0.0,0.0,0.0,0.0,0.0,0.0,0.0,0.0,0.0,0.0,0.0,2019-02-11,207,1895.8454106280194,207,28.360002288602054,-178.63999771139794
2019,7,0.0,0.0,0.0,0.0,0.0,0.0,0.0,0.0,0.0,0.0,0.0,0.0,0.0,2019-02-12,213,1810.9577464788733,213,59.81686048333562,-153.18313951666437
2019,7,0.0,0.0,0.0,0.0,0.0,0.0,0.0,0.0,0.0,0.0,0.0,0.0,0.0,2019-02-13,303,1808.7623762376238,303,185.26741964259634,-117.73258035740366
2019,7,0.0,0.0,0.0,0.0,0.0,0.0,0.0,0.0,0.0,0.0,0.0,0.0,0.0,2019-02-15,64,1980.3125,64,245.47472238975172,181.47472238975172
2019,7,0.0,0.0,0.0,0.0,0.0,0.0,0.0,0.0,0.0,0.0,0.0,0.0,0.0,2019-02-16,112,2447.723214285714,112,184.18045276937934,72.18045276937934
2019,8,0.0,0.0,0.0,0.0,0.0,0.0,0.0,0.0,0.0,0.0,0.0,0.0,0.0,2019-02-18,18,2620.1111111111113,18,61.436964827991396,43.436964827991396
2019,8,0.0,0.0,0.0,0.0,0.0,0.0,0.0,0.0,0.0,0.0,0.0,0.0,0.0,2019-02-19,78,2642.0128205128203,78,87.5931033437032,9.593103343703206
2019,8,0.0,0.0,0.0,0.0,0.0,0.0,0.0,0.0,0.0,0.0,0.0,0.0,0.0,2019-02-21,55,2936.2181818181816,55,191.82808269074366,136.82808269074366
2019,8,0.0,0.0,0.0,0.0,0.0,0.0,0.0,0.0,0.0,0.0,0.0,0.0,0.0,2019-02-22,119,2823.873949579832,119,255.6361663145364,136.6361663145364
2019,8,0.0,0.0,0.0,0.0,0.0,0.0,0.0,0.0,0.0,0.0,0.0,0.0,0.0,2019-02-23,77,3003.5064935064934,77,188.42835192100551,111.42835192100551
2019,9,0.0,0.0,0.0,0.0,0.0,0.0,0.0,0.0,0.0,0.0,0.0,0.0,0.0,2019-02-26,38,3108.342105263158,38,76.1092028594476,38.109202859447606
2019,9,0.0,0.0,0.0,0.0,0.0,0.0,0.0,0.0,0.0,0.0,0.0,0.0,0.0,2019-02-28,55,3084.4545454545455,55,172.80235894195454,117.80235894195454
2019,9,0.0,0.0,0.0,0.0,0.0,0.0,0.0,0.0,0.0,0.0,0.0,0.0,0.0,2019-03-01,14,3055.714285714286,14,234.01063483360832,220.01063483360832
2019,9,0.0,0.0,0.0,0.0,0.0,0.0,0.0,0.0,0.0,0.0,0.0,0.0,0.0,2019-03-02,91,2812.923076923077,91,165.0606258228292,74.0606258228292
2019,10,0.0,0.0,0.0,0.0,0.0,0.0,0.0,0.0,0.0,0.0,0.0,0.0,0.0,2019-03-05,23,3040.4347826086955,23,52.81480333438957,29.814803334389573
2019,10,0.0,0.0,0.0,0.0,0.0,0.0,0.0,0.0,0.0,0.0,0.0,0.0,0.0,2019-03-06,34,3056.0882352941176,34,170.16083634685705,136.16083634685705
2019,10,0.0,0.0,0.0,0.0,0.0,0.0,0.0,0.0,0.0,0.0,0.0,0.0,0.0,2019-03-07,62,2929.6612903225805,62,153.71188231479405,91.71188231479405
2019,10,0.0,0.0,0.0,0.0,0.0,0.0,0.0,0.0,0.0,0.0,0.0,0.0,0.0,2019-03-08,119,2855.5042016806724,119,218.07651730087989,99.07651730087989
2019,10,0.0,0.0,0.0,0.0,0.0,0.0,0.0,0.0,0.0,0.0,0.0,0.0,0.0,2019-03-09,25,2887.24,25,152.85814573616028,127.85814573616028
2019,11,0.0,0.0,0.0,0.0,0.0,0.0,0.0,0.0,0.0,0.0,0.0,0.0,0.0,2019-03-12,58,2926.0344827586205,58,54.09130632239386,-3.908693677606138
2019,11,0.0,0.0,0.0,0.0,0.0,0.0,0.0,0.0,0.0,0.0,0.0,0.0,0.0,2019-03-14,24,1967.5,24,164.61378577762372,140.61378577762372
2019,11,0.0,0.0,0.0,0.0,0.0,0.0,0.0,0.0,0.0,0.0,0.0,0.0,0.0,2019-03-15,29,1904.5862068965516,29,233.60628149812732,204.60628149812732
2019,12,0.0,0.0,0.0,0.0,0.0,0.0,0.0,0.0,0.0,0.0,0.0,0.0,0.0,2019-03-18,33,2512.2727272727275,33,54.427234102608345,21.427234102608345
2019,12,0.0,0.0,0.0,0.0,0.0,0.0,0.0,0.0,0.0,0.0,0.0,0.0,0.0,2019-03-19,32,2829.625,32,84.44286668792978,52.44286668792978
2019,12,0.0,0.0,0.0,0.0,0.0,0.0,0.0,0.0,0.0,0.0,0.0,0.0,0.0,2019-03-20,31,2828.0,31,209.02201658699653,178.02201658699653
2019,12,0.0,0.0,0.0,0.0,0.0,0.0,0.0,0.0,0.0,0.0,0.0,0.0,0.0,2019-03-21,121,2680.099173553719,121,199.14964601705395,78.14964601705395
2019,12,0.0,0.0,0.0,0.0,0.0,0.0,0.0,0.0,0.0,0.0,0.0,0.0,0.0,2019-03-22,24,2718.0833333333335,24,269.30052688229654,245.30052688229654
2019,12,0.0,0.0,0.0,0.0,0.0,0.0,0.0,0.0,0.0,0.0,0.0,0.0,0.0,2019-03-23,144,2552.472222222222,144,208.97237951703494,64.97237951703494
2019,13,0.0,0.0,0.0,0.0,0.0,0.0,0.0,0.0,0.0,0.0,0.0,0.0,0.0,2019-03-25,48,2667.4375,48,89.99354905268696,41.99354905268696
2019,13,0.0,0.0,0.0,0.0,0.0,0.0,0.0,0.0,0.0,0.0,0.0,0.0,0.0,2019-03-27,793,1929.5725094577554,793,241.94779986975686,-551.0522001302431
2019,13,0.0,0.0,0.0,0.0,0.0,0.0,0.0,0.0,0.0,0.0,0.0,0.0,0.0,2019-03-28,186,1842.3494623655913,186,230.1925690895921,44.1925690895921
2019,13,0.0,0.0,0.0,0.0,0.0,0.0,0.0,0.0,0.0,0.0,0.0,0.0,0.0,2019-03-29,43,2805.5813953488373,43,298.1973241656195,255.19732416561948
2019,13,0.0,0.0,0.0,0.0,0.0,0.0,0.0,0.0,0.0,0.0,0.0,0.0,0.0,2019-03-30,66,2614.181818181818,66,235.5488904026854,169.5488904026854
2019,14,0.0,0.0,0.0,0.0,0.0,0.0,0.0,0.0,0.0,0.0,0.0,0.0,0.0,2019-04-02,19,2844.2105263157896,19,138.3507448976164,119.35074489761641
2019,14,0.0,0.0,0.0,0.0,0.0,0.0,0.0,0.0,0.0,0.0,0.0,0.0,0.0,2019-04-03,80,2672.375,80,259.2301724484433,179.23017244844328
2019,14,0.0,0.0,0.0,0.0,0.0,0.0,0.0,0.0,0.0,0.0,0.0,0.0,0.0,2019-04-04,256,2145.19140625,256,245.5249763552548,-10.475023644745193
2019,14,0.0,0.0,0.0,0.0,0.0,0.0,0.0,0.0,0.0,0.0,0.0,0.0,0.0,2019-04-05,267,1898.2097378277153,267,311.843202600988,44.84320260098798
2019,14,0.0,0.0,0.0,0.0,0.0,0.0,0.0,0.0,0.0,0.0,0.0,0.0,0.0,2019-04-06,318,1966.314465408805,318,247.80462413541176,-70.19537586458824
2019,15,0.0,1.0,0.0,0.0,0.0,0.0,0.0,0.0,0.0,0.0,0.0,0.0,0.0,2019-04-09,41,2514.0243902439024,41,148.30328692083984,107.30328692083984
2019,15,0.0,1.0,0.0,0.0,0.0,0.0,0.0,0.0,0.0,0.0,0.0,0.0,0.0,2019-04-10,73,2357.082191780822,73,268.98589520076996,195.98589520076996
2019,15,0.0,1.0,0.0,0.0,0.0,0.0,0.0,0.0,0.0,0.0,0.0,0.0,0.0,2019-04-11,106,2123.509433962264,106,255.30515884984862,149.30515884984862
2019,15,0.0,1.0,0.0,0.0,0.0,0.0,0.0,0.0,0.0,0.0,0.0,0.0,0.0,2019-04-12,558,1993.089605734767,558,321.81036246879336,-236.18963753120664
2019,15,0.0,1.0,0.0,0.0,0.0,0.0,0.0,0.0,0.0,0.0,0.0,0.0,0.0,2019-04-13,194,2258.8762886597938,194,258.05178984296805,64.05178984296805
2019,16,0.0,2.0,0.0,0.0,0.0,0.0,0.0,0.0,0.0,0.0,0.0,0.0,0.0,2019-04-15,86,2117.6162790697676,86,132.94868386832331,46.948683868323315
2019,16,0.0,2.0,0.0,0.0,0.0,0.0,0.0,0.0,0.0,0.0,0.0,0.0,0.0,2019-04-16,21,2534.5238095238096,21,159.14805124180026,138.14805124180026
2019,16,0.0,2.0,0.0,0.0,0.0,0.0,0.0,0.0,0.0,0.0,0.0,0.0,0.0,2019-04-17,356,2154.325842696629,356,279.6677916345168,-76.33220836548321
2019,16,0.0,2.0,0.0,0.0,0.0,0.0,0.0,0.0,0.0,0.0,0.0,0.0,0.0,2019-04-18,164,2348.0975609756097,164,265.5063898435442,101.50638984354418
2019,17,0.0,3.0,1.0,0.0,0.0,0.0,0.0,0.0,0.0,0.0,0.0,0.0,0.0,2019-04-23,120,2656.016666666667,120,160.03285538105393,40.032855381053935
2019,17,0.0,3.0,1.0,0.0,0.0,0.0,0.0,0.0,0.0,0.0,0.0,0.0,0.0,2019-04-24,255,2293.266666666667,255,277.074122013129,22.074122013129
2019,17,0.0,3.0,1.0,0.0,0.0,0.0,0.0,0.0,0.0,0.0,0.0,0.0,0.0,2019-04-25,222,2365.3423423423424,222,258.8993631263013,36.899363126301296
2019,17,0.0,3.0,1.0,0.0,0.0,0.0,0.0,0.0,0.0,0.0,0.0,0.0,0.0,2019-04-26,185,2535.9135135135134,185,320.02461226264165,135.02461226264165
2019,19,0.0,0.0,3.0,0.0,0.0,0.0,0.0,0.0,0.0,0.0,0.0,0.0,0.0,2019-05-06,68,3059.294117647059,68,46.7600665677581,-21.239933432241898
2019,19,0.0,0.0,3.0,0.0,0.0,0.0,0.0,0.0,0.0,0.0,0.0,0.0,0.0,2019-05-07,69,2915.8695652173915,69,61.141902698712556,-7.858097301287444
2019,19,0.0,0.0,3.0,0.0,0.0,0.0,0.0,0.0,0.0,0.0,0.0,0.0,0.0,2019-05-08,72,3380.027777777778,72,170.11920463224445,98.11920463224445
2019,19,0.0,0.0,3.0,0.0,0.0,0.0,0.0,0.0,0.0,0.0,0.0,0.0,0.0,2019-05-09,116,3304.344827586207,116,144.93348861446182,28.933488614461822
2019,20,0.0,0.0,0.0,1.0,0.0,0.0,0.0,0.0,0.0,0.0,0.0,0.0,0.0,2019-05-13,40,3884.075,40,-17.78301107058391,-57.78301107058391
2019,20,0.0,0.0,0.0,1.0,0.0,0.0,0.0,0.0,0.0,0.0,0.0,0.0,0.0,2019-05-14,40,3769.6,40,0.7012537245509236,-39.298746275449076
2019,20,0.0,0.0,0.0,1.0,0.0,0.0,0.0,0.0,0.0,0.0,0.0,0.0,0.0,2019-05-15,50,3660.22,50,114.83311667311662,64.83311667311662
2019,20,0.0,0.0,0.0,1.0,0.0,0.0,0.0,0.0,0.0,0.0,0.0,0.0,0.0,2019-05-18,42,3800.904761904762,42,91.64970727135199,49.649707271351986
2019,21,0.0,0.0,0.0,2.0,0.0,0.0,0.0,0.0,0.0,0.0,0.0,0.0,0.0,2019-05-20,63,3728.777777777778,63,-34.788036005792776,-97.78803600579278
2019,21,0.0,0.0,0.0,2.0,0.0,0.0,0.0,0.0,0.0,0.0,0.0,0.0,0.0,2019-05-22,22,3767.181818181818,22,116.4162952423824,94.4162952423824
2019,21,0.0,0.0,0.0,2.0,0.0,0.0,0.0,0.0,0.0,0.0,0.0,0.0,0.0,2019-05-23,337,2861.6617210682493,337,106.69358417043813,-230.30641582956187
2019,21,0.0,0.0,0.0,2.0,0.0,0.0,0.0,0.0,0.0,0.0,0.0,0.0,0.0,2019-05-24,192,2607.8541666666665,192,178.20162775391987,-13.798372246080135
2019,21,0.0,0.0,0.0,2.0,0.0,0.0,0.0,0.0,0.0,0.0,0.0,0.0,0.0,2019-05-25,193,2732.39378238342,193,120.38350755888194,-72.61649244111806
2019,22,0.0,0.0,0.0,3.0,0.0,0.0,0.0,0.0,0.0,0.0,0.0,0.0,0.0,2019-05-28,71,3131.056338028169,71,43.7856141756733,-27.214385824326698
2019,22,0.0,0.0,0.0,3.0,0.0,0.0,0.0,0.0,0.0,0.0,0.0,0.0,0.0,2019-05-29,19,3260.157894736842,19,172.84961311739804,153.84961311739804
2019,22,0.0,0.0,0.0,3.0,0.0,0.0,0.0,0.0,0.0,0.0,0.0,0.0,0.0,2019-05-30,55,3038.0363636363636,55,167.59928709600567,112.59928709600567
2019,22,0.0,0.0,0.0,3.0,0.0,0.0,0.0,0.0,0.0,0.0,0.0,0.0,0.0,2019-05-31,41,3206.268292682927,41,242.40550857597867,201.40550857597867
2019,22,0.0,0.0,0.0,3.0,0.0,0.0,0.0,0.0,0.0,0.0,0.0,0.0,0.0,2019-06-01,1247,2465.057738572574,1247,186.6573867994327,-1060.3426132005673
2019,23,0.0,0.0,0.0,0.0,0.0,0.0,0.0,0.0,0.0,0.0,0.0,0.0,0.0,2019-06-03,64,3092.78125,64,76.16707515007585,12.167075150075846
2019,23,0.0,0.0,0.0,0.0,0.0,0.0,0.0,0.0,0.0,0.0,0.0,0.0,0.0,2019-06-04,69,3125.913043478261,69,108.76321055104367,39.76321055104367
2019,23,0.0,0.0,0.0,0.0,0.0,0.0,0.0,0.0,0.0,0.0,0.0,0.0,0.0,2019-06-05,67,2549.492537313433,67,234.98176157561832,167.98176157561832
2019,23,0.0,0.0,0.0,0.0,0.0,0.0,0.0,0.0,0.0,0.0,0.0,0.0,0.0,2019-06-06,440,2500.425,440,225.78800098307408,-214.21199901692592
2019,23,0.0,0.0,0.0,0.0,0.0,0.0,0.0,0.0,0.0,0.0,0.0,0.0,0.0,2019-06-07,254,2522.9921259842517,254,295.65315728009597,41.65315728009597
2019,23,0.0,0.0,0.0,0.0,0.0,0.0,0.0,0.0,0.0,0.0,0.0,0.0,0.0,2019-06-08,304,2113.2401315789475,304,234.0867330236186,-69.91326697638141
2019,24,0.0,0.0,0.0,0.0,0.0,0.0,0.0,0.0,0.0,0.0,0.0,0.0,0.0,2019-06-11,133,2874.842105263158,133,134.9125545650853,1.912554565085287
2019,24,0.0,0.0,0.0,0.0,0.0,0.0,0.0,0.0,0.0,0.0,0.0,0.0,0.0,2019-06-12,23,2966.086956521739,23,253.2951990567202,230.2951990567202
2019,24,0.0,0.0,0.0,0.0,0.0,0.0,0.0,0.0,0.0,0.0,0.0,0.0,0.0,2019-06-13,169,2393.8934911242604,169,236.17351465048222,67.17351465048222
2019,24,0.0,0.0,0.0,0.0,0.0,0.0,0.0,0.0,0.0,0.0,0.0,0.0,0.0,2019-06-14,846,2330.300236406619,846,298.1858068832545,-547.8141931167455
2019,24,0.0,0.0,0.0,0.0,0.0,0.0,0.0,0.0,0.0,0.0,0.0,0.0,0.0,2019-06-15,232,2510.2672413793102,232,229.00295409841075,-2.997045901589246
2019,25,0.0,0.0,0.0,0.0,1.0,0.0,0.0,0.0,0.0,0.0,0.0,0.0,0.0,2019-06-17,38,2809.3684210526317,38,90.87956240831831,52.87956240831831
2019,25,0.0,0.0,0.0,0.0,1.0,0.0,0.0,0.0,0.0,0.0,0.0,0.0,0.0,2019-06-18,103,2958.9417475728155,103,109.85253440647102,6.8525344064710225
2019,25,0.0,0.0,0.0,0.0,1.0,0.0,0.0,0.0,0.0,0.0,0.0,0.0,0.0,2019-06-20,144,2365.2569444444443,144,201.3755805500484,57.3755805500484
2019,25,0.0,0.0,0.0,0.0,1.0,0.0,0.0,0.0,0.0,0.0,0.0,0.0,0.0,2019-06-21,428,2157.9719626168226,428,259.8484256995946,-168.1515743004054
2019,25,0.0,0.0,0.0,0.0,1.0,0.0,0.0,0.0,0.0,0.0,0.0,0.0,0.0,2019-06-22,782,1790.457800511509,782,188.0760010423766,-593.9239989576234
2019,26,0.0,0.0,0.0,0.0,2.0,0.0,0.0,0.0,0.0,0.0,0.0,0.0,0.0,2019-06-24,24,3243.2083333333335,24,47.67868071317321,23.678680713173208
2019,26,0.0,0.0,0.0,0.0,2.0,0.0,0.0,0.0,0.0,0.0,0.0,0.0,0.0,2019-06-25,62,2779.7580645161293,62,66.94010858631808,4.940108586318075
2019,26,0.0,0.0,0.0,0.0,2.0,0.0,0.0,0.0,0.0,0.0,0.0,0.0,0.0,2019-06-26,281,2211.7437722419927,281,181.2181937983563,-99.78180620164369
2019,26,0.0,0.0,0.0,0.0,2.0,0.0,0.0,0.0,0.0,0.0,0.0,0.0,0.0,2019-06-27,205,2695.336585365854,205,161.67012585674502,-43.32987414325498
2019,26,0.0,0.0,0.0,0.0,2.0,0.0,0.0,0.0,0.0,0.0,0.0,0.0,0.0,2019-06-28,21,3021.4761904761904,21,222.91950347449634,201.91950347449634
2019,27,0.0,0.0,0.0,0.0,3.0,0.0,0.0,0.0,0.0,0.0,0.0,0.0,0.0,2019-07-02,39,2873.3076923076924,39,46.67290848345141,7.672908483451408
2019,27,0.0,0.0,0.0,0.0,3.0,0.0,0.0,0.0,0.0,0.0,0.0,0.0,0.0,2019-07-03,45,2883.733333333333,45,165.94088076344391,120.94088076344391
2019,27,0.0,0.0,0.0,0.0,3.0,0.0,0.0,0.0,0.0,0.0,0.0,0.0,0.0,2019-07-04,214,2229.03738317757,214,151.47784664555664,-62.52215335444336
2019,27,0.0,0.0,0.0,0.0,3.0,0.0,0.0,0.0,0.0,0.0,0.0,0.0,0.0,2019-07-05,331,2128.2779456193352,331,217.7938307463176,-113.20616925368239
2019,27,0.0,0.0,0.0,0.0,3.0,0.0,0.0,0.0,0.0,0.0,0.0,0.0,0.0,2019-07-06,121,2458.7024793388427,121,154.40187153587297,33.40187153587297
2019,28,0.0,0.0,0.0,0.0,0.0,1.0,0.0,0.0,0.0,0.0,0.0,0.0,0.0,2019-07-09,89,2507.38202247191,89,59.628335620384775,-29.371664379615225
2019,28,0.0,0.0,0.0,0.0,0.0,1.0,0.0,0.0,0.0,0.0,0.0,0.0,0.0,2019-07-10,18,2821.0555555555557,18,182.46469716477193,164.46469716477193
2019,28,0.0,0.0,0.0,0.0,0.0,1.0,0.0,0.0,0.0,0.0,0.0,0.0,0.0,2019-07-11,147,2887.421768707483,147,171.0726006818424,24.072600681842403
2019,28,0.0,0.0,0.0,0.0,0.0,1.0,0.0,0.0,0.0,0.0,0.0,0.0,0.0,2019-07-12,152,2734.2565789473683,152,239.9285879883295,87.9285879883295
2019,28,0.0,0.0,0.0,0.0,0.0,1.0,0.0,0.0,0.0,0.0,0.0,0.0,0.0,2019-07-13,450,2010.0777777777778,450,178.52662579077995,-271.4733742092201
2019,29,0.0,0.0,0.0,0.0,0.0,2.0,0.0,0.0,0.0,0.0,0.0,0.0,0.0,2019-07-15,182,2884.3186813186812,182,58.019047193536466,-123.98095280646353
2019,29,0.0,0.0,0.0,0.0,0.0,2.0,0.0,0.0,0.0,0.0,0.0,0.0,0.0,2019-07-18,105,2651.457142857143,105,197.1509721444761,92.1509721444761
2019,29,0.0,0.0,0.0,0.0,0.0,2.0,0.0,0.0,0.0,0.0,0.0,0.0,0.0,2019-07-19,157,2676.394904458599,157,265.00311590380124,108.00311590380124
2019,29,0.0,0.0,0.0,0.0,0.0,2.0,0.0,0.0,0.0,0.0,0.0,0.0,0.0,2019-07-20,83,2746.7710843373493,83,202.23879329411662,119.23879329411662
2019,30,0.0,0.0,0.0,0.0,0.0,3.0,0.0,0.0,0.0,0.0,0.0,0.0,0.0,2019-07-22,20,2655.45,20,78.15435860878112,58.15435860878112
2019,30,0.0,0.0,0.0,0.0,0.0,3.0,0.0,0.0,0.0,0.0,0.0,0.0,0.0,2019-07-23,128,2688.65625,128,104.47096458687501,-23.529035413124987
2019,30,0.0,0.0,0.0,0.0,0.0,3.0,0.0,0.0,0.0,0.0,0.0,0.0,0.0,2019-07-24,95,2558.0105263157893,95,224.9367099549347,129.9367099549347
2019,30,0.0,0.0,0.0,0.0,0.0,3.0,0.0,0.0,0.0,0.0,0.0,0.0,0.0,2019-07-25,155,2676.632258064516,155,210.6348277822078,55.63482778220779
2019,30,0.0,0.0,0.0,0.0,0.0,3.0,0.0,0.0,0.0,0.0,0.0,0.0,0.0,2019-07-26,197,2706.3908629441626,197,276.1360904077503,79.13609040775032
2019,31,0.0,0.0,0.0,0.0,0.0,0.0,0.0,0.0,0.0,0.0,0.0,0.0,0.0,2019-07-30,78,2709.871794871795,78,106.60758062074606,28.607580620746063
2019,31,0.0,0.0,0.0,0.0,0.0,0.0,0.0,0.0,0.0,0.0,0.0,0.0,0.0,2019-07-31,70,2748.214285714286,70,225.05807337551875,155.05807337551875
2019,31,0.0,0.0,0.0,0.0,0.0,0.0,0.0,0.0,0.0,0.0,0.0,0.0,0.0,2019-08-01,22,2997.909090909091,22,208.86485314598826,186.86485314598826
2019,31,0.0,0.0,0.0,0.0,0.0,0.0,0.0,0.0,0.0,0.0,0.0,0.0,0.0,2019-08-02,282,2470.124113475177,282,272.6036752813174,-9.396324718682592
2019,31,0.0,0.0,0.0,0.0,0.0,0.0,0.0,0.0,0.0,0.0,0.0,0.0,0.0,2019-08-03,423,2239.2340425531916,423,205.86288391351363,-217.13711608648637
2019,32,0.0,0.0,0.0,0.0,0.0,0.0,1.0,0.0,0.0,0.0,0.0,0.0,0.0,2019-08-05,48,2999.75,48,74.35639956594451,26.356399565944514
2019,32,0.0,0.0,0.0,0.0,0.0,0.0,1.0,0.0,0.0,0.0,0.0,0.0,0.0,2019-08-06,53,3020.1132075471696,53,97.26502696701534,44.265026967015345
2019,32,0.0,0.0,0.0,0.0,0.0,0.0,1.0,0.0,0.0,0.0,0.0,0.0,0.0,2019-08-07,202,2960.4950495049507,202,214.5368984514175,12.5368984514175
2019,32,0.0,0.0,0.0,0.0,0.0,0.0,1.0,0.0,0.0,0.0,0.0,0.0,0.0,2019-08-08,552,2451.860507246377,552,197.25649087517624,-354.74350912482373
2019,32,0.0,0.0,0.0,0.0,0.0,0.0,1.0,0.0,0.0,0.0,0.0,0.0,0.0,2019-08-09,103,3139.0,103,259.9913290586543,156.9913290586543
2019,32,0.0,0.0,0.0,0.0,0.0,0.0,1.0,0.0,0.0,0.0,0.0,0.0,0.0,2019-08-10,222,2806.698198198198,222,192.32339761173048,-29.676602388269515
2019,33,0.0,0.0,0.0,0.0,0.0,0.0,2.0,0.0,0.0,0.0,0.0,0.0,0.0,2019-08-12,97,2811.5257731958764,97,59.18067543998319,-37.81932456001681
2019,33,0.0,0.0,0.0,0.0,0.0,0.0,2.0,0.0,0.0,0.0,0.0,0.0,0.0,2019-08-13,84,2995.2976190476193,84,81.3816467185762,-2.6183532814237935
2019,33,0.0,0.0,0.0,0.0,0.0,0.0,2.0,0.0,0.0,0.0,0.0,0.0,0.0,2019-08-14,361,1605.0166204986149,361,198.02593789173466,-162.97406210826534
2019,33,0.0,0.0,0.0,0.0,0.0,0.0,2.0,0.0,0.0,0.0,0.0,0.0,0.0,2019-08-16,413,2395.8740920096852,413,242.5036435515205,-170.4963564484795
2019,33,0.0,0.0,0.0,0.0,0.0,0.0,2.0,0.0,0.0,0.0,0.0,0.0,0.0,2019-08-17,246,3040.9146341463415,246,174.51231426928683,-71.48768573071317
2019,34,0.0,0.0,0.0,0.0,0.0,0.0,3.0,0.0,0.0,0.0,0.0,0.0,0.0,2019-08-21,24,3501.4583333333335,24,180.39092389295473,156.39092389295473
2019,34,0.0,0.0,0.0,0.0,0.0,0.0,3.0,0.0,0.0,0.0,0.0,0.0,0.0,2019-08-22,46,3311.478260869565,46,163.06243077047617,117.06243077047617
2019,35,0.0,0.0,0.0,0.0,0.0,0.0,0.0,0.0,0.0,0.0,0.0,0.0,0.0,2019-08-26,134,2615.4477611940297,134,28.044622097270462,-105.95537790272954
2019,35,0.0,0.0,0.0,0.0,0.0,0.0,0.0,0.0,0.0,0.0,0.0,0.0,0.0,2019-08-27,17,2335.176470588235,17,51.903659451350705,34.903659451350705
2019,35,0.0,0.0,0.0,0.0,0.0,0.0,0.0,0.0,0.0,0.0,0.0,0.0,0.0,2019-08-28,61,2490.1639344262294,61,170.57800429588264,109.57800429588264
2019,35,0.0,0.0,0.0,0.0,0.0,0.0,0.0,0.0,0.0,0.0,0.0,0.0,0.0,2019-08-29,393,2458.2391857506364,393,155.11808679325168,-237.88191320674832
2019,35,0.0,0.0,0.0,0.0,0.0,0.0,0.0,0.0,0.0,0.0,0.0,0.0,0.0,2019-08-30,178,2589.112359550562,178,220.12809034708928,42.128090347089284
2019,35,0.0,0.0,0.0,0.0,0.0,0.0,0.0,0.0,0.0,0.0,0.0,0.0,0.0,2019-08-31,237,2949.6244725738397,237,155.18228655527028,-81.81771344472972
2019,36,0.0,0.0,0.0,0.0,0.0,0.0,0.0,0.0,0.0,0.0,0.0,0.0,0.0,2019-09-02,25,3425.12,25,28.757927764137605,3.757927764137605
2019,36,0.0,0.0,0.0,0.0,0.0,0.0,0.0,0.0,0.0,0.0,0.0,0.0,0.0,2019-09-03,26,3748.3846153846152,26,54.90241773321142,28.902417733211422
2019,36,0.0,0.0,0.0,0.0,0.0,0.0,0.0,0.0,0.0,0.0,0.0,0.0,0.0,2019-09-04,287,2755.1393728222997,287,175.8314754240788,-111.1685245759212
2019,36,0.0,0.0,0.0,0.0,0.0,0.0,0.0,0.0,0.0,0.0,0.0,0.0,0.0,2019-09-05,23,3560.8695652173915,23,162.59262018202432,139.59262018202432
2019,36,0.0,0.0,0.0,0.0,0.0,0.0,0.0,0.0,0.0,0.0,0.0,0.0,0.0,2019-09-06,276,2786.268115942029,276,229.71231505008387,-46.28768494991613
2019,36,0.0,0.0,0.0,0.0,0.0,0.0,0.0,0.0,0.0,0.0,0.0,0.0,0.0,2019-09-07,202,3156.168316831683,202,166.72780789834798,-35.272192101652024
2019,37,0.0,0.0,0.0,0.0,0.0,0.0,0.0,1.0,0.0,0.0,0.0,0.0,0.0,2019-09-09,64,3542.09375,64,43.65382952401214,-20.34617047598786
2019,37,0.0,0.0,0.0,0.0,0.0,0.0,0.0,1.0,0.0,0.0,0.0,0.0,0.0,2019-09-10,57,3311.0,57,71.13800078443552,14.138000784435519
2019,37,0.0,0.0,0.0,0.0,0.0,0.0,0.0,1.0,0.0,0.0,0.0,0.0,0.0,2019-09-11,16,3842.75,16,193.16157489498292,177.16157489498292
2019,37,0.0,0.0,0.0,0.0,0.0,0.0,0.0,1.0,0.0,0.0,0.0,0.0,0.0,2019-09-12,315,3454.815873015873,315,180.76571177370244,-134.23428822629756
2019,37,0.0,0.0,0.0,0.0,0.0,0.0,0.0,1.0,0.0,0.0,0.0,0.0,0.0,2019-09-13,287,3646.2508710801394,287,248.4789284535972,-38.521071546402794
2019,37,0.0,0.0,0.0,0.0,0.0,0.0,0.0,1.0,0.0,0.0,0.0,0.0,0.0,2019-09-14,223,3834.7264573991033,223,185.8491269477645,-37.15087305223551
2019,38,0.0,0.0,0.0,0.0,0.0,0.0,0.0,2.0,0.0,0.0,0.0,0.0,0.0,2019-09-16,133,3814.6992481203006,133,62.852785590311896,-70.1472144096881
2019,38,0.0,0.0,0.0,0.0,0.0,0.0,0.0,2.0,0.0,0.0,0.0,0.0,0.0,2019-09-17,97,3345.639175257732,97,90.12172970161987,-6.87827029838013
2019,38,0.0,0.0,0.0,0.0,0.0,0.0,0.0,2.0,0.0,0.0,0.0,0.0,0.0,2019-09-21,141,2582.758865248227,141,203.28128586885978,62.28128586885978
2019,39,0.0,0.0,0.0,0.0,0.0,0.0,0.0,3.0,0.0,0.0,0.0,0.0,0.0,2019-09-23,116,2610.4310344827586,116,79.7968920385151,-36.2031079614849
2019,39,0.0,0.0,0.0,0.0,0.0,0.0,0.0,3.0,0.0,0.0,0.0,0.0,0.0,2019-09-24,23,3292.8260869565215,23,106.88909472467668,83.88909472467668
2019,39,0.0,0.0,0.0,0.0,0.0,0.0,0.0,3.0,0.0,0.0,0.0,0.0,0.0,2019-09-25,485,2904.7546391752576,485,228.62383234588003,-256.37616765411997
2019,39,0.0,0.0,0.0,0.0,0.0,0.0,0.0,3.0,0.0,0.0,0.0,0.0,0.0,2019-09-26,387,2187.074935400517,387,216.12188397407297,-170.87811602592703
2019,39,0.0,0.0,0.0,0.0,0.0,0.0,0.0,3.0,0.0,0.0,0.0,0.0,0.0,2019-09-28,22,2923.7272727272725,22,221.83020638223022,199.83020638223022
2019,40,0.0,0.0,0.0,0.0,0.0,0.0,0.0,0.0,1.0,0.0,0.0,0.0,0.0,2019-09-30,24,3890.0833333333335,24,100.95522727264057,76.95522727264057
2019,40,0.0,0.0,0.0,0.0,0.0,0.0,0.0,0.0,1.0,0.0,0.0,0.0,0.0,2019-10-01,124,2543.6209677419356,124,129.93664844595537,5.93664844595537
2019,40,0.0,0.0,0.0,0.0,0.0,0.0,0.0,0.0,1.0,0.0,0.0,0.0,0.0,2019-10-02,149,2492.0335570469797,149,253.7895198041012,104.78951980410119
2019,40,0.0,0.0,0.0,0.0,0.0,0.0,0.0,0.0,1.0,0.0,0.0,0.0,0.0,2019-10-03,25,2847.8,25,243.58781499836005,218.58781499836005
2019,40,0.0,0.0,0.0,0.0,0.0,0.0,0.0,0.0,1.0,0.0,0.0,0.0,0.0,2019-10-05,996,1397.875502008032,996,254.2002430778078,-741.7997569221922
2019,41,0.0,0.0,0.0,0.0,0.0,0.0,0.0,0.0,2.0,0.0,0.0,0.0,0.0,2019-10-08,24,3854.8333333333335,24,169.28319571331755,145.28319571331755
2019,41,0.0,0.0,0.0,0.0,0.0,0.0,0.0,0.0,2.0,0.0,0.0,0.0,0.0,2019-10-09,42,2710.9285714285716,42,295.01831311930005,253.01831311930005
2019,41,0.0,0.0,0.0,0.0,0.0,0.0,0.0,0.0,2.0,0.0,0.0,0.0,0.0,2019-10-10,139,2207.8489208633096,139,286.33006900188735,147.33006900188735
2019,41,0.0,0.0,0.0,0.0,0.0,0.0,0.0,0.0,2.0,0.0,0.0,0.0,0.0,2019-10-11,1136,1987.3538732394366,1136,357.6789374529548,-778.3210625470451
2019,42,0.0,0.0,0.0,0.0,0.0,0.0,0.0,0.0,3.0,0.0,0.0,0.0,0.0,2019-10-14,93,2302.7741935483873,93,181.67990390836283,88.67990390836283
2019,42,0.0,0.0,0.0,0.0,0.0,0.0,0.0,0.0,3.0,0.0,0.0,0.0,0.0,2019-10-16,43,3239.186046511628,43,334.9999294152219,291.9999294152219
2019,42,0.0,0.0,0.0,0.0,0.0,0.0,0.0,0.0,3.0,0.0,0.0,0.0,0.0,2019-10-17,80,2761.4125,80,323.44331516862167,243.44331516862167
2019,42,0.0,0.0,0.0,0.0,0.0,0.0,0.0,0.0,3.0,0.0,0.0,0.0,0.0,2019-10-18,204,2836.5637254901962,204,391.20825901632713,187.20825901632713
2019,42,0.0,0.0,0.0,0.0,0.0,0.0,0.0,0.0,3.0,0.0,0.0,0.0,0.0,2019-10-19,1060,1764.0254716981133,1060,327.79539850022087,-732.2046014997791
2019,43,0.0,0.0,0.0,0.0,0.0,0.0,0.0,0.0,0.0,1.0,1.0,0.0,0.0,2019-10-21,37,3040.4054054054054,37,200.59066868443537,163.59066868443537
2019,43,0.0,0.0,0.0,0.0,0.0,0.0,0.0,0.0,0.0,1.0,1.0,0.0,0.0,2019-10-22,131,2713.389312977099,131,224.39526615643803,93.39526615643803
2019,43,0.0,0.0,0.0,0.0,0.0,0.0,0.0,0.0,0.0,1.0,1.0,0.0,0.0,2019-10-23,149,3074.1275167785234,149,341.46463904732263,192.46463904732263
2019,43,0.0,0.0,0.0,0.0,0.0,0.0,0.0,0.0,0.0,1.0,1.0,0.0,0.0,2019-10-25,299,2738.742474916388,299,384.0580055636325,85.05800556363249
2019,43,0.0,0.0,0.0,0.0,0.0,0.0,0.0,0.0,0.0,1.0,1.0,0.0,0.0,2019-10-26,1119,1829.7622877569258,1119,313.8376653712543,-805.1623346287457
2019,44,0.0,0.0,0.0,0.0,0.0,0.0,0.0,0.0,0.0,2.0,2.0,0.0,0.0,2019-10-28,79,3495.746835443038,79,173.7725073381294,94.7725073381294
2019,44,0.0,0.0,0.0,0.0,0.0,0.0,0.0,0.0,0.0,2.0,2.0,0.0,0.0,2019-10-29,38,2906.157894736842,38,191.8299778156209,153.8299778156209
2019,44,0.0,0.0,0.0,0.0,0.0,0.0,0.0,0.0,0.0,2.0,2.0,0.0,0.0,2019-11-02,139,1803.6258992805756,139,267.0841968183543,128.08419681835431
2019,45,0.0,0.0,0.0,0.0,0.0,0.0,0.0,0.0,0.0,3.0,3.0,0.0,0.0,2019-11-04,102,2695.2450980392155,102,126.11040602786477,24.11040602786477
2019,45,0.0,0.0,0.0,0.0,0.0,0.0,0.0,0.0,0.0,3.0,3.0,0.0,0.0,2019-11-05,39,2486.5384615384614,39,145.48601555285546,106.48601555285546
2019,45,0.0,0.0,0.0,0.0,0.0,0.0,0.0,0.0,0.0,3.0,3.0,0.0,0.0,2019-11-06,42,2664.809523809524,42,260.22468276330517,218.22468276330517
2019,45,0.0,0.0,0.0,0.0,0.0,0.0,0.0,0.0,0.0,3.0,3.0,0.0,0.0,2019-11-07,73,2919.068493150685,73,241.54219236243966,168.54219236243966
2019,46,0.0,0.0,0.0,0.0,0.0,0.0,0.0,0.0,0.0,0.0,0.0,0.0,0.0,2019-11-11,88,3196.0,88,111.01749293328135,23.017492933281346
2019,46,0.0,0.0,0.0,0.0,0.0,0.0,0.0,0.0,0.0,0.0,0.0,0.0,0.0,2019-11-12,20,3055.05,20,138.61461983869492,118.61461983869492
2019,46,0.0,0.0,0.0,0.0,0.0,0.0,0.0,0.0,0.0,0.0,0.0,0.0,0.0,2019-11-13,25,2986.4,25,262.0340902560637,237.03409025606368
2019,46,0.0,0.0,0.0,0.0,0.0,0.0,0.0,0.0,0.0,0.0,0.0,0.0,0.0,2019-11-14,237,2804.915611814346,237,252.2972679190924,15.297267919092405
2019,46,0.0,0.0,0.0,0.0,0.0,0.0,0.0,0.0,0.0,0.0,0.0,0.0,0.0,2019-11-15,1015,2387.7655172413793,1015,323.8771075442463,-691.1228924557537
2019,46,0.0,0.0,0.0,0.0,0.0,0.0,0.0,0.0,0.0,0.0,0.0,0.0,0.0,2019-11-16,210,2130.733333333333,210,266.2303522719748,56.23035227197482
2019,47,0.0,0.0,0.0,0.0,0.0,0.0,0.0,0.0,0.0,0.0,0.0,0.0,0.0,2019-11-18,73,2500.6849315068494,73,156.01427446592368,83.01427446592368
2019,47,0.0,0.0,0.0,0.0,0.0,0.0,0.0,0.0,0.0,0.0,0.0,0.0,0.0,2019-11-19,64,2675.671875,64,190.7346538304057,126.7346538304057
2019,47,0.0,0.0,0.0,0.0,0.0,0.0,0.0,0.0,0.0,0.0,0.0,0.0,0.0,2019-11-20,20,2808.4,20,320.30920306385303,300.30920306385303
2019,47,0.0,0.0,0.0,0.0,0.0,0.0,0.0,0.0,0.0,0.0,0.0,0.0,0.0,2019-11-21,99,2171.5151515151515,99,315.29512047751433,216.29512047751433
2019,47,0.0,0.0,0.0,0.0,0.0,0.0,0.0,0.0,0.0,0.0,0.0,0.0,0.0,2019-11-22,1730,1944.3745664739884,1730,390.31589310197137,-1339.6841068980286
2019,47,0.0,0.0,0.0,0.0,0.0,0.0,0.0,0.0,0.0,0.0,0.0,0.0,0.0,2019-11-23,51,2396.627450980392,51,334.7108209672385,283.7108209672385
2019,48,0.0,0.0,0.0,0.0,0.0,0.0,0.0,0.0,0.0,0.0,0.0,1.0,0.0,2019-11-25,102,2371.6176470588234,102,224.0682512702417,122.06825127024169
2019,48,0.0,0.0,0.0,0.0,0.0,0.0,0.0,0.0,0.0,0.0,0.0,1.0,0.0,2019-11-26,44,2543.318181818182,44,256.25048616677213,212.25048616677213
2019,48,0.0,0.0,0.0,0.0,0.0,0.0,0.0,0.0,0.0,0.0,0.0,1.0,0.0,2019-11-27,1042,1930.1151631477926,1042,381.7506079931388,-660.2493920068612
2019,48,0.0,0.0,0.0,0.0,0.0,0.0,0.0,0.0,0.0,0.0,0.0,1.0,0.0,2019-11-28,1062,1816.2269303201506,1062,371.47747285078424,-690.5225271492158
2019,48,0.0,0.0,0.0,0.0,0.0,0.0,0.0,0.0,0.0,0.0,0.0,1.0,0.0,2019-11-29,340,1559.4352941176471,340,439.85100472242937,99.85100472242937
2019,48,0.0,0.0,0.0,0.0,0.0,0.0,0.0,0.0,0.0,0.0,0.0,1.0,0.0,2019-11-30,168,2185.095238095238,168,376.33671549799953,208.33671549799953
2019,49,0.0,0.0,0.0,0.0,0.0,0.0,0.0,0.0,0.0,0.0,0.0,2.0,0.0,2019-12-02,18,3451.5555555555557,18,246.74936465351175,228.74936465351175
2019,49,0.0,0.0,0.0,0.0,0.0,0.0,0.0,0.0,0.0,0.0,0.0,2.0,0.0,2019-12-04,25,2751.84,25,382.6744992696322,357.6744992696322
2019,49,0.0,0.0,0.0,0.0,0.0,0.0,0.0,0.0,0.0,0.0,0.0,2.0,0.0,2019-12-05,61,2636.8524590163934,61,361.0483776328935,300.0483776328935
2019,49,0.0,0.0,0.0,0.0,0.0,0.0,0.0,0.0,0.0,0.0,0.0,2.0,0.0,2019-12-06,353,2614.597733711048,353,418.08541489665026,65.08541489665026
2019,49,0.0,0.0,0.0,0.0,0.0,0.0,0.0,0.0,0.0,0.0,0.0,2.0,0.0,2019-12-07,20,2878.5,20,343.5049828791487,323.5049828791487
2019,50,0.0,0.0,0.0,0.0,0.0,0.0,0.0,0.0,0.0,0.0,0.0,3.0,0.0,2019-12-09,18,2705.0,18,193.58654745322082,175.58654745322082
2019,50,0.0,0.0,0.0,0.0,0.0,0.0,0.0,0.0,0.0,0.0,0.0,3.0,0.0,2019-12-10,443,1908.4808126410835,443,206.32896054650325,-236.67103945349675
2019,50,0.0,0.0,0.0,0.0,0.0,0.0,0.0,0.0,0.0,0.0,0.0,3.0,0.0,2019-12-11,1372,1897.9256559766764,1372,313.0987140630987,-1058.9012859369013
2019,50,0.0,0.0,0.0,0.0,0.0,0.0,0.0,0.0,0.0,0.0,0.0,3.0,0.0,2019-12-12,364,2512.453296703297,364,285.2249115805587,-78.77508841944132
2019,50,0.0,0.0,0.0,0.0,0.0,0.0,0.0,0.0,0.0,0.0,0.0,3.0,0.0,2019-12-13,544,2414.827205882353,544,337.5253167832562,-206.4746832167438
2019,50,0.0,0.0,0.0,0.0,0.0,0.0,0.0,0.0,0.0,0.0,0.0,3.0,0.0,2019-12-14,39,2720.358974358974,39,259.5662007717895,220.5662007717895
2019,52,1.0,0.0,0.0,0.0,0.0,0.0,0.0,0.0,0.0,0.0,0.0,0.0,2.0,2019-12-26,78,3207.846153846154,78,202.88891398579352,124.88891398579352
2019,52,1.0,0.0,0.0,0.0,0.0,0.0,0.0,0.0,0.0,0.0,0.0,0.0,2.0,2019-12-27,490,2943.2571428571428,490,273.29590899164117,-216.70409100835883
2019,52,1.0,0.0,0.0,0.0,0.0,0.0,0.0,0.0,0.0,0.0,0.0,0.0,2.0,2019-12-28,107,3205.1495327102803,107,214.7353509408661,107.73535094086611
2020,1,2.0,0.0,0.0,0.0,0.0,0.0,0.0,0.0,0.0,0.0,0.0,0.0,3.0,2019-12-30,183,3381.748633879781,183,103.34872719574145,-79.65127280425855
2020,1,2.0,0.0,0.0,0.0,0.0,0.0,0.0,0.0,0.0,0.0,0.0,0.0,3.0,2019-12-31,182,2917.1043956043954,182,137.76121814448388,-44.23878185551612
2020,1,2.0,0.0,0.0,0.0,0.0,0.0,0.0,0.0,0.0,0.0,0.0,0.0,3.0,2020-01-03,78,3201.5128205128203,78,337.9321102358508,259.9321102358508
2020,1,2.0,0.0,0.0,0.0,0.0,0.0,0.0,0.0,0.0,0.0,0.0,0.0,3.0,2020-01-04,25,2769.76,25,282.91923110181057,257.91923110181057
2020,2,3.0,0.0,0.0,0.0,0.0,0.0,0.0,0.0,0.0,0.0,0.0,0.0,0.0,2020-01-07,27,4530.0,27,207.30153356154113,180.30153356154113
2020,2,3.0,0.0,0.0,0.0,0.0,0.0,0.0,0.0,0.0,0.0,0.0,0.0,0.0,2020-01-10,37,4630.945945945946,37,395.9622816968928,358.9622816968928
2020,2,3.0,0.0,0.0,0.0,0.0,0.0,0.0,0.0,0.0,0.0,0.0,0.0,0.0,2020-01-11,78,2527.3846153846152,78,334.8057195524792,256.8057195524792
2020,3,0.0,0.0,0.0,0.0,0.0,0.0,0.0,0.0,0.0,0.0,0.0,0.0,0.0,2020-01-13,228,2607.2982456140353,228,211.18358635314462,-16.81641364685538
2020,3,0.0,0.0,0.0,0.0,0.0,0.0,0.0,0.0,0.0,0.0,0.0,0.0,0.0,2020-01-14,246,2280.6463414634145,246,236.40518478372283,-9.59481521627717
2020,3,0.0,0.0,0.0,0.0,0.0,0.0,0.0,0.0,0.0,0.0,0.0,0.0,0.0,2020-01-15,831,2180.6594464500604,831,354.96766722512643,-476.03233277487357
2020,3,0.0,0.0,0.0,0.0,0.0,0.0,0.0,0.0,0.0,0.0,0.0,0.0,0.0,2020-01-16,2051,1925.323744514871,2051,338.0409560355034,-1712.9590439644967
2020,3,0.0,0.0,0.0,0.0,0.0,0.0,0.0,0.0,0.0,0.0,0.0,0.0,0.0,2020-01-17,351,2332.324786324786,351,400.30393314793116,49.30393314793116
2020,4,0.0,0.0,0.0,0.0,0.0,0.0,0.0,0.0,0.0,0.0,0.0,0.0,0.0,2020-01-20,111,2291.09009009009,111,194.5331779321149,83.53317793211491
2020,4,0.0,0.0,0.0,0.0,0.0,0.0,0.0,0.0,0.0,0.0,0.0,0.0,0.0,2020-01-21,174,2440.655172413793,174,214.43205877381268,40.432058773812685
2020,4,0.0,0.0,0.0,0.0,0.0,0.0,0.0,0.0,0.0,0.0,0.0,0.0,0.0,2020-01-22,23,4239.652173913043,23,328.72914320415487,305.72914320415487
2020,4,0.0,0.0,0.0,0.0,0.0,0.0,0.0,0.0,0.0,0.0,0.0,0.0,0.0,2020-01-23,69,3395.231884057971,69,308.68168051025845,239.68168051025845
2020,4,0.0,0.0,0.0,0.0,0.0,0.0,0.0,0.0,0.0,0.0,0.0,0.0,0.0,2020-01-24,67,2940.3880597014927,67,368.97751248282,301.97751248282
2020,4,0.0,0.0,0.0,0.0,0.0,0.0,0.0,0.0,0.0,0.0,0.0,0.0,0.0,2020-01-25,63,2820.0476190476193,63,299.39835722845925,236.39835722845925
2020,5,0.0,0.0,0.0,0.0,0.0,0.0,0.0,0.0,0.0,0.0,0.0,0.0,0.0,2020-01-27,70,2707.6714285714284,70,164.5447562043773,94.54475620437731
2020,5,0.0,0.0,0.0,0.0,0.0,0.0,0.0,0.0,0.0,0.0,0.0,0.0,0.0,2020-01-28,43,2820.8372093023254,43,187.1540232148451,144.1540232148451
2020,5,0.0,0.0,0.0,0.0,0.0,0.0,0.0,0.0,0.0,0.0,0.0,0.0,0.0,2020-01-30,200,2751.635,200,289.6419787233187,89.64197872331869
2020,5,0.0,0.0,0.0,0.0,0.0,0.0,0.0,0.0,0.0,0.0,0.0,0.0,0.0,2020-01-31,189,2933.6349206349205,189,355.231684015005,166.231684015005
2020,5,0.0,0.0,0.0,0.0,0.0,0.0,0.0,0.0,0.0,0.0,0.0,0.0,0.0,2020-02-01,231,2684.4112554112553,231,291.48190830266554,60.481908302665545
2020,6,0.0,0.0,0.0,0.0,0.0,0.0,0.0,0.0,0.0,0.0,0.0,0.0,0.0,2020-02-03,61,2969.1311475409834,61,169.17152051126686,108.17152051126686
2020,6,0.0,0.0,0.0,0.0,0.0,0.0,0.0,0.0,0.0,0.0,0.0,0.0,0.0,2020-02-04,54,3020.5555555555557,54,198.12197542764534,144.12197542764534
2020,6,0.0,0.0,0.0,0.0,0.0,0.0,0.0,0.0,0.0,0.0,0.0,0.0,0.0,2020-02-05,267,2716.265917602996,267,322.253486032564,55.25348603256401
2020,6,0.0,0.0,0.0,0.0,0.0,0.0,0.0,0.0,0.0,0.0,0.0,0.0,0.0,2020-02-06,276,2644.786231884058,276,312.5190745877081,36.519074587708076
2020,6,0.0,0.0,0.0,0.0,0.0,0.0,0.0,0.0,0.0,0.0,0.0,0.0,0.0,2020-02-07,370,2652.1405405405403,370,383.3402249760893,13.340224976089303
2020,6,0.0,0.0,0.0,0.0,0.0,0.0,0.0,0.0,0.0,0.0,0.0,0.0,0.0,2020-02-08,746,2291.260053619303,746,324.1417939845177,-421.8582060154823
2020,7,0.0,0.0,0.0,0.0,0.0,0.0,0.0,0.0,0.0,0.0,0.0,0.0,0.0,2020-02-10,147,2521.598639455782,147,208.42616036917536,61.42616036917536
2020,7,0.0,0.0,0.0,0.0,0.0,0.0,0.0,0.0,0.0,0.0,0.0,0.0,0.0,2020-02-11,243,2518.7366255144034,243,239.24910732882435,-3.7508926711756487
2020,7,0.0,0.0,0.0,0.0,0.0,0.0,0.0,0.0,0.0,0.0,0.0,0.0,0.0,2020-02-12,710,2494.5985915492956,710,364.23508035331037,-345.76491964668963
2020,7,0.0,0.0,0.0,0.0,0.0,0.0,0.0,0.0,0.0,0.0,0.0,0.0,0.0,2020-02-13,81,2581.4814814814813,81,354.32195382618994,273.32195382618994
2020,7,0.0,0.0,0.0,0.0,0.0,0.0,0.0,0.0,0.0,0.0,0.0,0.0,0.0,2020-02-14,450,2571.9444444444443,450,423.94492079973264,-26.055079200267357
2020,7,0.0,0.0,0.0,0.0,0.0,0.0,0.0,0.0,0.0,0.0,0.0,0.0,0.0,2020-02-15,338,2523.213017751479,338,362.57056446492913,24.570564464929134
2020,8,0.0,0.0,0.0,0.0,0.0,0.0,0.0,0.0,0.0,0.0,0.0,0.0,0.0,2020-02-17,76,2701.7236842105262,76,239.86646550445212,163.86646550445212
2020,8,0.0,0.0,0.0,0.0,0.0,0.0,0.0,0.0,0.0,0.0,0.0,0.0,0.0,2020-02-18,364,2392.945054945055,364,266.08255432951,-97.91744567049
2020,8,0.0,0.0,0.0,0.0,0.0,0.0,0.0,0.0,0.0,0.0,0.0,0.0,0.0,2020-02-19,613,2495.541598694943,613,385.8888082985009,-227.11119170149908
2020,8,0.0,0.0,0.0,0.0,0.0,0.0,0.0,0.0,0.0,0.0,0.0,0.0,0.0,2020-02-20,242,2425.219008264463,242,370.36794903841576,128.36794903841576
2020,8,0.0,0.0,0.0,0.0,0.0,0.0,0.0,0.0,0.0,0.0,0.0,0.0,0.0,2020-02-21,669,2435.1285500747385,669,434.1095397458404,-234.89046025415962
2020,8,0.0,0.0,0.0,0.0,0.0,0.0,0.0,0.0,0.0,0.0,0.0,0.0,0.0,2020-02-22,329,2321.2978723404253,329,366.73962395758207,37.73962395758207
2020,9,0.0,0.0,0.0,0.0,0.0,0.0,0.0,0.0,0.0,0.0,0.0,0.0,0.0,2020-02-24,143,2440.27972027972,143,232.33826528946418,89.33826528946418
2020,9,0.0,0.0,0.0,0.0,0.0,0.0,0.0,0.0,0.0,0.0,0.0,0.0,0.0,2020-02-25,225,2514.337777777778,225,253.15692136889695,28.156921368896946
2020,9,0.0,0.0,0.0,0.0,0.0,0.0,0.0,0.0,0.0,0.0,0.0,0.0,0.0,2020-02-26,234,2374.346153846154,234,368.05194343075726,134.05194343075726
2020,9,0.0,0.0,0.0,0.0,0.0,0.0,0.0,0.0,0.0,0.0,0.0,0.0,0.0,2020-02-27,43,2547.953488372093,43,348.22648898262247,305.22648898262247
2020,9,0.0,0.0,0.0,0.0,0.0,0.0,0.0,0.0,0.0,0.0,0.0,0.0,0.0,2020-02-28,601,2077.9417637271213,601,408.37191498110985,-192.62808501889015
2020,9,0.0,0.0,0.0,0.0,0.0,0.0,0.0,0.0,0.0,0.0,0.0,0.0,0.0,2020-02-29,1320,1864.1780303030303,1320,338.19495777180197,-981.8050422281981
2020,10,0.0,0.0,0.0,0.0,0.0,0.0,0.0,0.0,0.0,0.0,0.0,0.0,0.0,2020-03-03,214,1983.3738317757009,214,221.3829378882083,7.382937888208289
2020,10,0.0,0.0,0.0,0.0,0.0,0.0,0.0,0.0,0.0,0.0,0.0,0.0,0.0,2020-03-04,273,2086.1135531135533,273,336.9632123200377,63.96321232003771
2020,10,0.0,0.0,0.0,0.0,0.0,0.0,0.0,0.0,0.0,0.0,0.0,0.0,0.0,2020-03-05,733,1909.9768076398364,733,318.6597120559992,-414.3402879440008
2020,10,0.0,0.0,0.0,0.0,0.0,0.0,0.0,0.0,0.0,0.0,0.0,0.0,0.0,2020-03-06,1752,1684.4440639269405,1752,381.1039510555105,-1370.8960489444894
2020,10,0.0,0.0,0.0,0.0,0.0,0.0,0.0,0.0,0.0,0.0,0.0,0.0,0.0,2020-03-07,93,1853.978494623656,93,313.9233769504133,220.92337695041329
2020,11,0.0,0.0,0.0,0.0,0.0,0.0,0.0,0.0,0.0,0.0,0.0,0.0,0.0,2020-03-10,37,3306.2432432432433,37,209.2610642375822,172.2610642375822
2020,11,0.0,0.0,0.0,0.0,0.0,0.0,0.0,0.0,0.0,0.0,0.0,0.0,0.0,2020-03-11,56,3369.7321428571427,56,329.5491515824409,273.5491515824409
2020,11,0.0,0.0,0.0,0.0,0.0,0.0,0.0,0.0,0.0,0.0,0.0,0.0,0.0,2020-03-12,98,2968.5408163265306,98,316.07037716185107,218.07037716185107
2020,11,0.0,0.0,0.0,0.0,0.0,0.0,0.0,0.0,0.0,0.0,0.0,0.0,0.0,2020-03-13,49,3421.9795918367345,49,383.32839713909607,334.32839713909607
2020,11,0.0,0.0,0.0,0.0,0.0,0.0,0.0,0.0,0.0,0.0,0.0,0.0,0.0,2020-03-14,42,2992.4761904761904,42,320.82754599647825,278.82754599647825
2020,12,0.0,0.0,0.0,0.0,0.0,0.0,0.0,0.0,0.0,0.0,0.0,0.0,0.0,2020-03-17,267,2801.1423220973784,267,228.30983366983097,-38.690166330169035
2020,12,0.0,0.0,0.0,0.0,0.0,0.0,0.0,0.0,0.0,0.0,0.0,0.0,0.0,2020-03-18,36,3302.3611111111113,36,351.71791984124917,315.71791984124917
2020,12,0.0,0.0,0.0,0.0,0.0,0.0,0.0,0.0,0.0,0.0,0.0,0.0,0.0,2020-03-19,1088,2036.4981617647059,1088,340.78774517472095,-747.212254825279
2020,12,0.0,0.0,0.0,0.0,0.0,0.0,0.0,0.0,0.0,0.0,0.0,0.0,0.0,2020-03-20,21,3840.0,21,409.98628173128793,388.98628173128793
2020,12,0.0,0.0,0.0,0.0,0.0,0.0,0.0,0.0,0.0,0.0,0.0,0.0,0.0,2020-03-21,252,2365.190476190476,252,348.8005865043663,96.80058650436632
2020,13,0.0,0.0,0.0,0.0,0.0,0.0,0.0,0.0,0.0,0.0,0.0,0.0,0.0,2020-03-23,18,3867.1111111111113,18,228.33682237596327,210.33682237596327
2020,13,0.0,0.0,0.0,0.0,0.0,0.0,0.0,0.0,0.0,0.0,0.0,0.0,0.0,2020-03-24,39,1994.871794871795,39,256.5872955602739,217.5872955602739
2020,13,0.0,0.0,0.0,0.0,0.0,0.0,0.0,0.0,0.0,0.0,0.0,0.0,0.0,2020-03-25,1925,1646.1464935064935,1925,379.00704527357914,-1545.992954726421
2020,13,0.0,0.0,0.0,0.0,0.0,0.0,0.0,0.0,0.0,0.0,0.0,0.0,0.0,2020-03-26,94,2477.574468085106,94,366.6426497451604,272.6426497451604
2020,13,0.0,0.0,0.0,0.0,0.0,0.0,0.0,0.0,0.0,0.0,0.0,0.0,0.0,2020-03-27,765,1748.283660130719,765,434.0377167929769,-330.9622832070231
2020,13,0.0,0.0,0.0,0.0,0.0,0.0,0.0,0.0,0.0,0.0,0.0,0.0,0.0,2020-03-28,43,2507.3720930232557,43,370.76344317246526,327.76344317246526
2020,14,0.0,1.0,0.0,0.0,0.0,0.0,0.0,0.0,0.0,0.0,0.0,0.0,0.0,2020-03-30,129,2393.093023255814,129,245.6224041417652,116.6224041417652
2020,14,0.0,1.0,0.0,0.0,0.0,0.0,0.0,0.0,0.0,0.0,0.0,0.0,0.0,2020-03-31,128,2146.8515625,128,271.4614718002966,143.46147180029658
2020,14,0.0,1.0,0.0,0.0,0.0,0.0,0.0,0.0,0.0,0.0,0.0,0.0,0.0,2020-04-01,379,2171.6781002638522,379,391.5330037407979,12.53300374079788
2020,14,0.0,1.0,0.0,0.0,0.0,0.0,0.0,0.0,0.0,0.0,0.0,0.0,0.0,2020-04-02,179,2167.8659217877093,179,376.9580738688359,197.95807386883592
2020,14,0.0,1.0,0.0,0.0,0.0,0.0,0.0,0.0,0.0,0.0,0.0,0.0,0.0,2020-04-03,259,2260.868725868726,259,442.34422940148954,183.34422940148954
2020,14,0.0,1.0,0.0,0.0,0.0,0.0,0.0,0.0,0.0,0.0,0.0,0.0,0.0,2020-04-04,247,2002.672064777328,247,377.3138785350997,130.31387853509972
2020,15,0.0,2.0,0.0,0.0,0.0,0.0,0.0,0.0,0.0,0.0,0.0,0.0,0.0,2020-04-06,145,2493.551724137931,145,249.5506088038705,104.55060880387049
2020,15,0.0,2.0,0.0,0.0,0.0,0.0,0.0,0.0,0.0,0.0,0.0,0.0,0.0,2020-04-07,765,1962.2274509803922,765,274.5494516146047,-490.4505483853953
2020,15,0.0,2.0,0.0,0.0,0.0,0.0,0.0,0.0,0.0,0.0,0.0,0.0,0.0,2020-04-08,417,2017.68345323741,417,394.08469938250795,-22.91530061749205
2020,15,0.0,2.0,0.0,0.0,0.0,0.0,0.0,0.0,0.0,0.0,0.0,0.0,0.0,2020-04-09,2316,1214.3104490500864,2316,379.2499156673953,-1936.7500843326047
2020,16,0.0,3.0,0.0,0.0,0.0,0.0,0.0,0.0,0.0,0.0,0.0,0.0,0.0,2020-04-13,49,1781.734693877551,49,252.53201029395714,203.53201029395714
2020,16,0.0,3.0,0.0,0.0,0.0,0.0,0.0,0.0,0.0,0.0,0.0,0.0,0.0,2020-04-15,209,2048.5454545454545,209,397.4395082406724,188.4395082406724
2020,16,0.0,3.0,0.0,0.0,0.0,0.0,0.0,0.0,0.0,0.0,0.0,0.0,0.0,2020-04-16,298,1922.989932885906,298,382.508970884152,84.508970884152
2020,16,0.0,3.0,0.0,0.0,0.0,0.0,0.0,0.0,0.0,0.0,0.0,0.0,0.0,2020-04-17,908,1563.5770925110132,908,447.4752754342204,-460.5247245657796
2020,16,0.0,3.0,0.0,0.0,0.0,0.0,0.0,0.0,0.0,0.0,0.0,0.0,0.0,2020-04-18,213,1971.7042253521126,213,381.8299320332044,168.8299320332044
2020,17,0.0,0.0,1.0,0.0,0.0,0.0,0.0,0.0,0.0,0.0,0.0,0.0,0.0,2020-04-20,74,2702.108108108108,74,251.72383198688644,177.72383198688644
2020,17,0.0,0.0,1.0,0.0,0.0,0.0,0.0,0.0,0.0,0.0,0.0,0.0,0.0,2020-04-21,64,2615.046875,64,274.7448156161758,210.7448156161758
2020,17,0.0,0.0,1.0,0.0,0.0,0.0,0.0,0.0,0.0,0.0,0.0,0.0,0.0,2020-04-22,44,2771.5227272727275,44,391.6172404488952,347.6172404488952
2020,17,0.0,0.0,1.0,0.0,0.0,0.0,0.0,0.0,0.0,0.0,0.0,0.0,0.0,2020-04-23,92,2469.4891304347825,92,373.34587595374023,281.34587595374023
2020,17,0.0,0.0,1.0,0.0,0.0,0.0,0.0,0.0,0.0,0.0,0.0,0.0,0.0,2020-04-24,62,2686.6451612903224,62,434.4295748176831,372.4295748176831
2020,17,0.0,0.0,1.0,0.0,0.0,0.0,0.0,0.0,0.0,0.0,0.0,0.0,0.0,2020-04-25,722,1906.4681440443214,722,364.3947797710762,-357.6052202289238
2020,18,0.0,0.0,2.0,0.0,0.0,0.0,0.0,0.0,0.0,0.0,0.0,0.0,0.0,2020-04-27,458,1946.3296943231442,458,224.22503634953517,-233.77496365046483
2020,18,0.0,0.0,2.0,0.0,0.0,0.0,0.0,0.0,0.0,0.0,0.0,0.0,0.0,2020-04-28,88,2368.159090909091,88,241.7347492048736,153.7347492048736
2020,18,0.0,0.0,2.0,0.0,0.0,0.0,0.0,0.0,0.0,0.0,0.0,0.0,0.0,2020-04-29,367,3125.0,367,352.91155104145514,-14.08844895854486
2020,18,0.0,0.0,2.0,0.0,0.0,0.0,0.0,0.0,0.0,0.0,0.0,0.0,0.0,2020-04-30,167,3143.4491017964074,167,328.87823693891517,161.87823693891517
2020,18,0.0,0.0,2.0,0.0,0.0,0.0,0.0,0.0,0.0,0.0,0.0,0.0,0.0,2020-05-02,707,2606.6393210749648,707,308.72239826783084,-398.27760173216916
2020,19,0.0,0.0,3.0,0.0,0.0,0.0,0.0,0.0,0.0,0.0,0.0,0.0,0.0,2020-05-04,41,3065.2195121951218,41,158.6815524279117,117.6815524279117
2020,19,0.0,0.0,3.0,0.0,0.0,0.0,0.0,0.0,0.0,0.0,0.0,0.0,0.0,2020-05-05,71,3470.8591549295775,71,172.09381748677802,101.09381748677802
2020,19,0.0,0.0,3.0,0.0,0.0,0.0,0.0,0.0,0.0,0.0,0.0,0.0,0.0,2020-05-06,286,2980.9965034965035,286,279.90027429909634,-6.099725700903662
2020,19,0.0,0.0,3.0,0.0,0.0,0.0,0.0,0.0,0.0,0.0,0.0,0.0,0.0,2020-05-07,516,2820.3856589147285,516,253.33612800796786,-262.6638719920321
2020,19,0.0,0.0,3.0,0.0,0.0,0.0,0.0,0.0,0.0,0.0,0.0,0.0,0.0,2020-05-08,335,3266.4597014925375,335,307.12534489413133,-27.87465510586867
2020,19,0.0,0.0,3.0,0.0,0.0,0.0,0.0,0.0,0.0,0.0,0.0,0.0,0.0,2020-05-09,15,3472.733333333333,15,231.00787018755358,216.00787018755358
2020,20,0.0,0.0,0.0,1.0,0.0,0.0,0.0,0.0,0.0,0.0,0.0,0.0,0.0,2020-05-11,65,3762.723076923077,65,83.06766782395934,18.06766782395934
2020,20,0.0,0.0,0.0,1.0,0.0,0.0,0.0,0.0,0.0,0.0,0.0,0.0,0.0,2020-05-12,19,3767.684210526316,19,99.20518893246847,80.20518893246847
2020,20,0.0,0.0,0.0,1.0,0.0,0.0,0.0,0.0,0.0,0.0,0.0,0.0,0.0,2020-05-13,68,3694.1470588235293,68,210.84282953515697,142.84282953515697
2020,20,0.0,0.0,0.0,1.0,0.0,0.0,0.0,0.0,0.0,0.0,0.0,0.0,0.0,2020-05-14,44,3717.681818181818,44,189.1759217820971,145.1759217820971
2020,20,0.0,0.0,0.0,1.0,0.0,0.0,0.0,0.0,0.0,0.0,0.0,0.0,0.0,2020-05-15,150,3452.18,150,248.86345124955045,98.86345124955045
2020,20,0.0,0.0,0.0,1.0,0.0,0.0,0.0,0.0,0.0,0.0,0.0,0.0,0.0,2020-05-16,47,3533.7872340425533,47,179.55635520052545,132.55635520052545
2020,21,0.0,0.0,0.0,2.0,0.0,0.0,0.0,0.0,0.0,0.0,0.0,0.0,0.0,2020-05-19,136,3362.3676470588234,136,72.44684689477742,-63.55315310522258
2020,21,0.0,0.0,0.0,2.0,0.0,0.0,0.0,0.0,0.0,0.0,0.0,0.0,0.0,2020-05-20,129,3429.046511627907,129,193.24461345443257,64.24461345443257
2020,21,0.0,0.0,0.0,2.0,0.0,0.0,0.0,0.0,0.0,0.0,0.0,0.0,0.0,2020-05-22,49,3372.3673469387754,49,249.96530851934892,200.96530851934892
2020,21,0.0,0.0,0.0,2.0,0.0,0.0,0.0,0.0,0.0,0.0,0.0,0.0,0.0,2020-05-23,347,2944.8933717579253,347,189.83884905044567,-157.16115094955433
2020,22,0.0,0.0,0.0,3.0,0.0,0.0,0.0,0.0,0.0,0.0,0.0,0.0,0.0,2020-05-25,310,2690.548387096774,310,74.924745705649,-235.075254294351
2020,22,0.0,0.0,0.0,3.0,0.0,0.0,0.0,0.0,0.0,0.0,0.0,0.0,0.0,2020-05-26,145,2863.2413793103447,145,107.4839362167698,-37.516063783230194
2020,22,0.0,0.0,0.0,3.0,0.0,0.0,0.0,0.0,0.0,0.0,0.0,0.0,0.0,2020-05-27,273,2800.7875457875457,273,235.06933762753107,-37.93066237246893
2020,22,0.0,0.0,0.0,3.0,0.0,0.0,0.0,0.0,0.0,0.0,0.0,0.0,0.0,2020-05-28,75,3339.88,75,228.57420579661854,153.57420579661854
2020,22,0.0,0.0,0.0,3.0,0.0,0.0,0.0,0.0,0.0,0.0,0.0,0.0,0.0,2020-05-29,222,2811.337837837838,222,302.37000273889424,80.37000273889424
2020,22,0.0,0.0,0.0,3.0,0.0,0.0,0.0,0.0,0.0,0.0,0.0,0.0,0.0,2020-05-30,68,3579.970588235294,68,245.84135517632095,177.84135517632095
2020,23,0.0,0.0,0.0,0.0,0.0,0.0,0.0,0.0,0.0,0.0,0.0,0.0,0.0,2020-06-01,28,3025.714285714286,28,134.43738193112063,106.43738193112063
2020,23,0.0,0.0,0.0,0.0,0.0,0.0,0.0,0.0,0.0,0.0,0.0,0.0,0.0,2020-06-02,51,3572.5882352941176,51,166.86794213629622,115.86794213629622
2020,23,0.0,0.0,0.0,0.0,0.0,0.0,0.0,0.0,0.0,0.0,0.0,0.0,0.0,2020-06-03,450,2970.8288888888887,450,293.0867886704873,-156.9132113295127
2020,23,0.0,0.0,0.0,0.0,0.0,0.0,0.0,0.0,0.0,0.0,0.0,0.0,0.0,2020-06-04,110,3095.5454545454545,110,284.0337783278426,174.03377832784258
2020,23,0.0,0.0,0.0,0.0,0.0,0.0,0.0,0.0,0.0,0.0,0.0,0.0,0.0,2020-06-05,319,3021.3667711598746,319,354.15208343278107,35.15208343278107
2020,23,0.0,0.0,0.0,0.0,0.0,0.0,0.0,0.0,0.0,0.0,0.0,0.0,0.0,2020-06-06,222,3044.261261261261,222,292.92123862180586,70.92123862180586
2020,24,0.0,0.0,0.0,0.0,0.0,0.0,0.0,0.0,0.0,0.0,0.0,0.0,0.0,2020-06-08,168,3199.1785714285716,168,169.51916059997154,1.519160599971542
2020,24,0.0,0.0,0.0,0.0,0.0,0.0,0.0,0.0,0.0,0.0,0.0,0.0,0.0,2020-06-09,137,3302.868613138686,137,194.93521039682065,57.93521039682065
2020,24,0.0,0.0,0.0,0.0,0.0,0.0,0.0,0.0,0.0,0.0,0.0,0.0,0.0,2020-06-10,275,3017.850909090909,275,313.6706725650535,38.67067256505351
2020,24,0.0,0.0,0.0,0.0,0.0,0.0,0.0,0.0,0.0,0.0,0.0,0.0,0.0,2020-06-11,44,3220.4545454545455,44,296.83119107886785,252.83119107886785
2020,24,0.0,0.0,0.0,0.0,0.0,0.0,0.0,0.0,0.0,0.0,0.0,0.0,0.0,2020-06-12,301,3072.4451827242524,301,359.0287747845951,58.0287747845951
2020,24,0.0,0.0,0.0,0.0,0.0,0.0,0.0,0.0,0.0,0.0,0.0,0.0,0.0,2020-06-13,162,3048.561728395062,162,289.9108851138141,127.91088511381412
2020,25,0.0,0.0,0.0,0.0,0.0,0.0,0.0,0.0,0.0,0.0,0.0,0.0,0.0,2020-06-15,115,3056.608695652174,115,151.47991097975344,36.47991097975344
2020,25,0.0,0.0,0.0,0.0,0.0,0.0,0.0,0.0,0.0,0.0,0.0,0.0,0.0,2020-06-16,168,2883.8571428571427,168,170.05168358758687,2.051683587586865
2020,25,0.0,0.0,0.0,0.0,0.0,0.0,0.0,0.0,0.0,0.0,0.0,0.0,0.0,2020-06-17,401,3129.785536159601,401,282.5652746285611,-118.4347253714389
2020,25,0.0,0.0,0.0,0.0,0.0,0.0,0.0,0.0,0.0,0.0,0.0,0.0,0.0,2020-06-18,152,3072.684210526316,152,260.23687088055544,108.23687088055544
2020,25,0.0,0.0,0.0,0.0,0.0,0.0,0.0,0.0,0.0,0.0,0.0,0.0,0.0,2020-06-19,52,3592.076923076923,52,317.7694609183243,265.7694609183243
2020,25,0.0,0.0,0.0,0.0,0.0,0.0,0.0,0.0,0.0,0.0,0.0,0.0,0.0,2020-06-20,399,3152.1177944862156,399,244.880349744114,-154.119650255886
2020,26,0.0,0.0,0.0,0.0,1.0,0.0,0.0,0.0,0.0,0.0,0.0,0.0,0.0,2020-06-22,72,3409.6388888888887,72,101.75647579279172,29.75647579279172
2020,26,0.0,0.0,0.0,0.0,1.0,0.0,0.0,0.0,0.0,0.0,0.0,0.0,0.0,2020-06-23,88,3401.465909090909,88,119.43437364123565,31.434373641235652
2020,26,0.0,0.0,0.0,0.0,1.0,0.0,0.0,0.0,0.0,0.0,0.0,0.0,0.0,2020-06-24,377,3155.1485411140584,377,232.00429259318724,-144.99570740681276
2020,26,0.0,0.0,0.0,0.0,1.0,0.0,0.0,0.0,0.0,0.0,0.0,0.0,0.0,2020-06-25,82,3103.4024390243903,82,210.64279718398723,128.64279718398723
2020,26,0.0,0.0,0.0,0.0,1.0,0.0,0.0,0.0,0.0,0.0,0.0,0.0,0.0,2020-06-26,131,3290.1374045801526,131,269.9943845928394,138.99438459283942
2020,26,0.0,0.0,0.0,0.0,1.0,0.0,0.0,0.0,0.0,0.0,0.0,0.0,0.0,2020-06-27,26,3277.346153846154,26,199.7010967217698,173.7010967217698
2020,27,0.0,0.0,0.0,0.0,2.0,0.0,0.0,0.0,0.0,0.0,0.0,0.0,0.0,2020-06-30,83,3235.879518072289,83,85.7524168027116,2.7524168027115934
2020,27,0.0,0.0,0.0,0.0,2.0,0.0,0.0,0.0,0.0,0.0,0.0,0.0,0.0,2020-07-01,201,3198.0746268656717,201,203.027982876086,2.027982876086014
2020,27,0.0,0.0,0.0,0.0,2.0,0.0,0.0,0.0,0.0,0.0,0.0,0.0,0.0,2020-07-02,235,3112.004255319149,235,186.6143360195545,-48.385663980445514
2020,27,0.0,0.0,0.0,0.0,2.0,0.0,0.0,0.0,0.0,0.0,0.0,0.0,0.0,2020-07-03,80,3609.925,80,251.03801948430112,171.03801948430112
2020,27,0.0,0.0,0.0,0.0,2.0,0.0,0.0,0.0,0.0,0.0,0.0,0.0,0.0,2020-07-04,62,3108.0,62,185.8262878967331,123.8262878967331
2020,28,0.0,0.0,0.0,0.0,3.0,1.0,0.0,0.0,0.0,0.0,0.0,0.0,0.0,2020-07-06,22,3273.5454545454545,22,59.618265144253684,37.618265144253684
2020,28,0.0,0.0,0.0,0.0,3.0,1.0,0.0,0.0,0.0,0.0,0.0,0.0,0.0,2020-07-07,134,3139.1641791044776,134,86.13207600742373,-47.867923992576266
2020,28,0.0,0.0,0.0,0.0,3.0,1.0,0.0,0.0,0.0,0.0,0.0,0.0,0.0,2020-07-08,57,3293.4912280701756,57,207.5287097540929,150.5287097540929
2020,28,0.0,0.0,0.0,0.0,3.0,1.0,0.0,0.0,0.0,0.0,0.0,0.0,0.0,2020-07-09,295,3178.833898305085,295,194.80088114644803,-100.19911885355197
2020,28,0.0,0.0,0.0,0.0,3.0,1.0,0.0,0.0,0.0,0.0,0.0,0.0,0.0,2020-07-10,534,2919.385767790262,534,262.42357196143274,-271.57642803856726
2020,28,0.0,0.0,0.0,0.0,3.0,1.0,0.0,0.0,0.0,0.0,0.0,0.0,0.0,2020-07-11,479,2967.830897703549,479,199.88692296913032,-279.1130770308697
2020,29,0.0,0.0,0.0,0.0,0.0,2.0,0.0,0.0,0.0,0.0,0.0,0.0,0.0,2020-07-13,116,3284.0,116,77.38081120671887,-38.619188793281126
2020,29,0.0,0.0,0.0,0.0,0.0,2.0,0.0,0.0,0.0,0.0,0.0,0.0,0.0,2020-07-14,258,3259.6589147286822,258,104.91769747057297,-153.082302529427
2020,29,0.0,0.0,0.0,0.0,0.0,2.0,0.0,0.0,0.0,0.0,0.0,0.0,0.0,2020-07-15,163,3519.8282208588957,163,226.8041758158475,63.804175815847486
2020,29,0.0,0.0,0.0,0.0,0.0,2.0,0.0,0.0,0.0,0.0,0.0,0.0,0.0,2020-07-17,282,3264.886524822695,282,281.20052850883184,-0.7994714911681626
2020,29,0.0,0.0,0.0,0.0,0.0,2.0,0.0,0.0,0.0,0.0,0.0,0.0,0.0,2020-07-18,185,3286.7351351351354,185,217.75796982526487,32.757969825264865
2020,30,0.0,0.0,0.0,0.0,0.0,3.0,0.0,0.0,0.0,0.0,0.0,0.0,0.0,2020-07-20,75,3362.52,75,92.37905469888112,17.37905469888112
2020,30,0.0,0.0,0.0,0.0,0.0,3.0,0.0,0.0,0.0,0.0,0.0,0.0,0.0,2020-07-21,162,3395.1913580246915,162,118.06064147787156,-43.939358522128444
2020,30,0.0,0.0,0.0,0.0,0.0,3.0,0.0,0.0,0.0,0.0,0.0,0.0,0.0,2020-07-22,240,3280.0916666666667,240,237.88860276496584,-2.111397235034161
2020,30,0.0,0.0,0.0,0.0,0.0,3.0,0.0,0.0,0.0,0.0,0.0,0.0,0.0,2020-07-23,220,3271.1454545454544,220,222.93941480267557,2.9394148026755715
2020,30,0.0,0.0,0.0,0.0,0.0,3.0,0.0,0.0,0.0,0.0,0.0,0.0,0.0,2020-07-24,22,3681.6363636363635,22,287.7783412347381,265.7783412347381
2020,30,0.0,0.0,0.0,0.0,0.0,3.0,0.0,0.0,0.0,0.0,0.0,0.0,0.0,2020-07-25,167,3200.9580838323354,167,221.98932681452936,54.98932681452936
2020,31,0.0,0.0,0.0,0.0,0.0,0.0,0.0,0.0,0.0,0.0,0.0,0.0,0.0,2020-07-27,129,3546.4108527131784,129,91.94857111917965,-37.05142888082035
2020,31,0.0,0.0,0.0,0.0,0.0,0.0,0.0,0.0,0.0,0.0,0.0,0.0,0.0,2020-07-28,127,3505.1417322834645,127,115.38385485126453,-11.61614514873547
2020,31,0.0,0.0,0.0,0.0,0.0,0.0,0.0,0.0,0.0,0.0,0.0,0.0,0.0,2020-07-29,351,3502.6267806267806,351,233.0571379469552,-117.94286205304479
2020,31,0.0,0.0,0.0,0.0,0.0,0.0,0.0,0.0,0.0,0.0,0.0,0.0,0.0,2020-07-30,405,3205.259259259259,405,216.06312579206943,-188.93687420793057
2020,31,0.0,0.0,0.0,0.0,0.0,0.0,0.0,0.0,0.0,0.0,0.0,0.0,0.0,2020-07-31,440,3554.181818181818,440,278.97907912342623,-161.02092087657377
2020,31,0.0,0.0,0.0,0.0,0.0,0.0,0.0,0.0,0.0,0.0,0.0,0.0,0.0,2020-08-01,263,3548.6501901140687,263,211.39522994273534,-51.60477005726466
2020,32,0.0,0.0,0.0,0.0,0.0,0.0,1.0,0.0,0.0,0.0,0.0,0.0,0.0,2020-08-03,120,3560.366666666667,120,78.15022631588954,-41.84977368411046
2020,32,0.0,0.0,0.0,0.0,0.0,0.0,1.0,0.0,0.0,0.0,0.0,0.0,0.0,2020-08-04,152,3620.3947368421054,152,100.16721046937622,-51.832789530623785
2020,32,0.0,0.0,0.0,0.0,0.0,0.0,1.0,0.0,0.0,0.0,0.0,0.0,0.0,2020-08-05,134,3671.082089552239,134,216.5345496500281,82.53454965002811
2020,32,0.0,0.0,0.0,0.0,0.0,0.0,1.0,0.0,0.0,0.0,0.0,0.0,0.0,2020-08-06,351,3643.5356125356125,351,198.33765496591425,-152.66234503408575
2020,32,0.0,0.0,0.0,0.0,0.0,0.0,1.0,0.0,0.0,0.0,0.0,0.0,0.0,2020-08-07,106,3742.566037735849,106,260.1443929055922,154.1443929055922
2020,32,0.0,0.0,0.0,0.0,0.0,0.0,1.0,0.0,0.0,0.0,0.0,0.0,0.0,2020-08-08,87,3933.4597701149423,87,191.53643969910024,104.53643969910024
2020,33,0.0,0.0,0.0,0.0,0.0,0.0,2.0,0.0,0.0,0.0,0.0,0.0,0.0,2020-08-10,88,4014.3295454545455,88,56.47335564305607,-31.526644356943933
2020,33,0.0,0.0,0.0,0.0,0.0,0.0,2.0,0.0,0.0,0.0,0.0,0.0,0.0,2020-08-11,73,4227.287671232877,73,77.69015112975902,4.690151129759016
2020,33,0.0,0.0,0.0,0.0,0.0,0.0,2.0,0.0,0.0,0.0,0.0,0.0,0.0,2020-08-14,115,5001.721739130435,115,235.73047549325003,120.73047549325003
2020,34,0.0,0.0,0.0,0.0,0.0,0.0,3.0,0.0,0.0,0.0,0.0,0.0,0.0,2020-08-17,34,4797.176470588235,34,31.014372150891234,-2.9856278491087664
2020,34,0.0,0.0,0.0,0.0,0.0,0.0,3.0,0.0,0.0,0.0,0.0,0.0,0.0,2020-08-19,61,4929.475409836065,61,167.86287302903858,106.86287302903858
2020,34,0.0,0.0,0.0,0.0,0.0,0.0,3.0,0.0,0.0,0.0,0.0,0.0,0.0,2020-08-20,17,5127.764705882353,17,149.26865122133609,132.26865122133609
2020,34,0.0,0.0,0.0,0.0,0.0,0.0,3.0,0.0,0.0,0.0,0.0,0.0,0.0,2020-08-21,22,5767.590909090909,22,210.95458338952133,188.95458338952133
2020,35,0.0,0.0,0.0,0.0,0.0,0.0,0.0,0.0,0.0,0.0,0.0,0.0,0.0,2020-08-24,37,5143.648648648648,37,8.80300846643243,-28.19699153356757
2020,35,0.0,0.0,0.0,0.0,0.0,0.0,0.0,0.0,0.0,0.0,0.0,0.0,0.0,2020-08-25,17,4800.823529411765,17,31.217487951472435,14.217487951472435
2020,35,0.0,0.0,0.0,0.0,0.0,0.0,0.0,0.0,0.0,0.0,0.0,0.0,0.0,2020-08-26,196,4822.035714285715,196,148.42338133269658,-47.57661866730342
2020,35,0.0,0.0,0.0,0.0,0.0,0.0,0.0,0.0,0.0,0.0,0.0,0.0,0.0,2020-08-27,32,4900.96875,32,131.51538016890652,99.51538016890652
2020,36,0.0,0.0,0.0,0.0,0.0,0.0,0.0,0.0,0.0,0.0,0.0,0.0,0.0,2020-08-31,41,5495.365853658536,41,-0.668842703402106,-41.668842703402106
2020,36,0.0,0.0,0.0,0.0,0.0,0.0,0.0,0.0,0.0,0.0,0.0,0.0,0.0,2020-09-01,86,5279.011627906977,86,24.050156862078893,-61.94984313792111
2020,36,0.0,0.0,0.0,0.0,0.0,0.0,0.0,0.0,0.0,0.0,0.0,0.0,0.0,2020-09-04,152,5662.921052631579,152,194.77106837840657,42.77106837840657
2020,37,0.0,0.0,0.0,0.0,0.0,0.0,0.0,1.0,0.0,0.0,0.0,0.0,0.0,2020-09-07,58,5550.6551724137935,58,5.006525440927845,-52.993474559072155
2020,37,0.0,0.0,0.0,0.0,0.0,0.0,0.0,1.0,0.0,0.0,0.0,0.0,0.0,2020-09-08,144,5655.756944444444,144,31.35067211227789,-112.64932788772211
2020,37,0.0,0.0,0.0,0.0,0.0,0.0,0.0,1.0,0.0,0.0,0.0,0.0,0.0,2020-09-09,142,5761.556338028169,142,152.30949528907817,10.309495289078171
2020,37,0.0,0.0,0.0,0.0,0.0,0.0,0.0,1.0,0.0,0.0,0.0,0.0,0.0,2020-09-10,142,5596.295774647887,142,138.89165956824897,-3.1083404317510315
2020,37,0.0,0.0,0.0,0.0,0.0,0.0,0.0,1.0,0.0,0.0,0.0,0.0,0.0,2020-09-11,257,6079.568093385214,257,205.62075095230955,-51.37924904769045
2020,37,0.0,0.0,0.0,0.0,0.0,0.0,0.0,1.0,0.0,0.0,0.0,0.0,0.0,2020-09-12,74,6398.635135135135,74,142.0382968663091,68.03829686630911
2020,38,0.0,0.0,0.0,0.0,0.0,0.0,0.0,2.0,0.0,0.0,0.0,0.0,0.0,2020-09-16,59,6734.762711864407,59,164.33993475595997,105.33993475595997
2020,39,0.0,0.0,0.0,0.0,0.0,0.0,0.0,3.0,0.0,0.0,0.0,0.0,0.0,2020-09-22,41,5947.463414634146,41,53.514210594518005,12.514210594518005
2020,39,0.0,0.0,0.0,0.0,0.0,0.0,0.0,3.0,0.0,0.0,0.0,0.0,0.0,2020-09-23,40,5521.9,40,174.24623885172872,134.24623885172872
2020,39,0.0,0.0,0.0,0.0,0.0,0.0,0.0,3.0,0.0,0.0,0.0,0.0,0.0,2020-09-24,35,3277.3714285714286,35,160.68436817787887,125.68436817787887
2020,39,0.0,0.0,0.0,0.0,0.0,0.0,0.0,3.0,0.0,0.0,0.0,0.0,0.0,2020-09-25,41,4099.634146341464,41,227.4326485274856,186.4326485274856
2020,39,0.0,0.0,0.0,0.0,0.0,0.0,0.0,3.0,0.0,0.0,0.0,0.0,0.0,2020-09-26,16,4866.8125,16,164.10852756003698,148.10852756003698
2020,40,0.0,0.0,0.0,0.0,0.0,0.0,0.0,0.0,0.0,0.0,0.0,0.0,0.0,2020-09-28,17,4634.823529411765,17,40.766416027723835,23.766416027723835
2020,40,0.0,0.0,0.0,0.0,0.0,0.0,0.0,0.0,0.0,0.0,0.0,0.0,0.0,2020-09-29,133,4656.992481203008,133,68.4679119938529,-64.5320880061471
2020,40,0.0,0.0,0.0,0.0,0.0,0.0,0.0,0.0,0.0,0.0,0.0,0.0,0.0,2020-09-30,123,4547.1056910569105,123,191.02603169961967,68.02603169961967
2020,40,0.0,0.0,0.0,0.0,0.0,0.0,0.0,0.0,0.0,0.0,0.0,0.0,0.0,2020-10-01,255,4014.741176470588,255,179.52898918395044,-75.47101081604956
2020,40,0.0,0.0,0.0,0.0,0.0,0.0,0.0,0.0,0.0,0.0,0.0,0.0,0.0,2020-10-02,477,3965.1488469601677,477,248.5370123384379,-228.4629876615621
2020,40,0.0,0.0,0.0,0.0,0.0,0.0,0.0,0.0,0.0,0.0,0.0,0.0,0.0,2020-10-03,273,4134.630036630037,273,187.61213250479597,-85.38786749520403
2020,41,0.0,0.0,0.0,0.0,0.0,0.0,0.0,0.0,1.0,0.0,0.0,0.0,0.0,2020-10-05,476,3550.955882352941,476,69.21461478668671,-406.7853852133133
2020,41,0.0,0.0,0.0,0.0,0.0,0.0,0.0,0.0,1.0,0.0,0.0,0.0,0.0,2020-10-06,166,4331.066265060241,166,99.3048856772668,-66.6951143227332
2020,41,0.0,0.0,0.0,0.0,0.0,0.0,0.0,0.0,1.0,0.0,0.0,0.0,0.0,2020-10-07,23,4647.173913043478,23,224.0822381363767,201.0822381363767
2020,41,0.0,0.0,0.0,0.0,0.0,0.0,0.0,0.0,1.0,0.0,0.0,0.0,0.0,2020-10-08,36,4734.75,36,214.5828976441213,178.5828976441213
2020,41,0.0,0.0,0.0,0.0,0.0,0.0,0.0,0.0,1.0,0.0,0.0,0.0,0.0,2020-10-09,211,4762.42654028436,211,285.2415981267805,74.2415981267805
2020,41,0.0,0.0,0.0,0.0,0.0,0.0,0.0,0.0,1.0,0.0,0.0,0.0,0.0,2020-10-10,26,4920.884615384615,26,225.5349502672749,199.5349502672749
2020,42,0.0,0.0,0.0,0.0,0.0,0.0,0.0,0.0,2.0,0.0,0.0,0.0,0.0,2020-10-13,60,4772.033333333334,60,137.53981483298875,77.53981483298875
2020,42,0.0,0.0,0.0,0.0,0.0,0.0,0.0,0.0,2.0,0.0,0.0,0.0,0.0,2020-10-14,285,4771.070175438596,285,261.11197080701555,-23.888029192984447
2020,42,0.0,0.0,0.0,0.0,0.0,0.0,0.0,0.0,2.0,0.0,0.0,0.0,0.0,2020-10-15,34,3914.029411764706,34,249.6539722414564,215.6539722414564
2020,42,0.0,0.0,0.0,0.0,0.0,0.0,0.0,0.0,2.0,0.0,0.0,0.0,0.0,2020-10-16,314,4698.343949044586,314,317.62591584126216,3.625915841262156
2020,42,0.0,0.0,0.0,0.0,0.0,0.0,0.0,0.0,2.0,0.0,0.0,0.0,0.0,2020-10-17,20,4770.0,20,254.51196970326595,234.51196970326595
2020,43,0.0,0.0,0.0,0.0,0.0,0.0,0.0,0.0,3.0,1.0,1.0,0.0,0.0,2020-10-19,124,4404.814516129032,124,128.0986851783644,4.098685178364406
2020,43,0.0,0.0,0.0,0.0,0.0,0.0,0.0,0.0,3.0,1.0,1.0,0.0,0.0,2020-10-20,387,4533.945736434109,387,152.34786852829222,-234.65213147170778
2020,43,0.0,0.0,0.0,0.0,0.0,0.0,0.0,0.0,3.0,1.0,1.0,0.0,0.0,2020-10-21,311,4554.263665594855,311,270.1063494210231,-40.89365057897692
2020,43,0.0,0.0,0.0,0.0,0.0,0.0,0.0,0.0,3.0,1.0,1.0,0.0,0.0,2020-10-22,507,4303.972386587771,507,252.44865453876145,-254.55134546123855
2020,43,0.0,0.0,0.0,0.0,0.0,0.0,0.0,0.0,3.0,1.0,1.0,0.0,0.0,2020-10-23,116,4522.491379310345,116,313.95517200429026,197.95517200429026
2020,44,0.0,0.0,0.0,0.0,0.0,0.0,0.0,0.0,0.0,2.0,2.0,0.0,0.0,2020-10-26,162,4259.246913580247,162,104.81979209129875,-57.18020790870125
2020,44,0.0,0.0,0.0,0.0,0.0,0.0,0.0,0.0,0.0,2.0,2.0,0.0,0.0,2020-10-27,205,4557.892682926829,205,122.96033471986058,-82.03966528013942
2020,44,0.0,0.0,0.0,0.0,0.0,0.0,0.0,0.0,0.0,2.0,2.0,0.0,0.0,2020-10-28,401,4421.992518703242,401,235.07862519595494,-165.92137480404506
2020,44,0.0,0.0,0.0,0.0,0.0,0.0,0.0,0.0,0.0,2.0,2.0,0.0,0.0,2020-10-29,95,4391.863157894737,95,212.3971650490991,117.3971650490991
2020,44,0.0,0.0,0.0,0.0,0.0,0.0,0.0,0.0,0.0,2.0,2.0,0.0,0.0,2020-10-30,104,4465.0192307692305,104,269.6353834279208,165.63538342792077
2020,45,0.0,0.0,0.0,0.0,0.0,0.0,0.0,0.0,0.0,3.0,3.0,0.0,0.0,2020-11-02,75,4621.8133333333335,75,53.402365537444865,-21.597634462555135
2020,45,0.0,0.0,0.0,0.0,0.0,0.0,0.0,0.0,0.0,3.0,3.0,0.0,0.0,2020-11-03,296,4596.871621621622,296,71.37415567507382,-224.62584432492616
2020,45,0.0,0.0,0.0,0.0,0.0,0.0,0.0,0.0,0.0,3.0,3.0,0.0,0.0,2020-11-04,244,4425.081967213115,244,184.587367180918,-59.412632819082006
2020,45,0.0,0.0,0.0,0.0,0.0,0.0,0.0,0.0,0.0,3.0,3.0,0.0,0.0,2020-11-05,108,4319.435185185185,108,164.20073081945034,56.20073081945034
2020,45,0.0,0.0,0.0,0.0,0.0,0.0,0.0,0.0,0.0,3.0,3.0,0.0,0.0,2020-11-06,126,4381.222222222223,126,224.91772077918404,98.91772077918404
2020,45,0.0,0.0,0.0,0.0,0.0,0.0,0.0,0.0,0.0,3.0,3.0,0.0,0.0,2020-11-07,161,3924.186335403727,161,156.436789237001,-4.563210762999006
2020,46,0.0,0.0,0.0,0.0,0.0,0.0,0.0,0.0,0.0,0.0,0.0,0.0,0.0,2020-11-09,184,4275.5,184,25.626604934325798,-158.3733950656742
2020,46,0.0,0.0,0.0,0.0,0.0,0.0,0.0,0.0,0.0,0.0,0.0,0.0,0.0,2020-11-10,103,4571.922330097087,103,51.07378531887892,-51.92621468112108
2020,46,0.0,0.0,0.0,0.0,0.0,0.0,0.0,0.0,0.0,0.0,0.0,0.0,0.0,2020-11-11,201,4401.830845771145,201,172.365096654498,-28.63490334550201
2020,46,0.0,0.0,0.0,0.0,0.0,0.0,0.0,0.0,0.0,0.0,0.0,0.0,0.0,2020-11-12,58,4408.258620689655,58,160.5621168869681,102.56211688696811
2020,46,0.0,0.0,0.0,0.0,0.0,0.0,0.0,0.0,0.0,0.0,0.0,0.0,0.0,2020-11-13,307,4422.674267100977,307,230.1774973414405,-76.8225026585595
2020,46,0.0,0.0,0.0,0.0,0.0,0.0,0.0,0.0,0.0,0.0,0.0,0.0,0.0,2020-11-14,109,4384.697247706422,109,170.70616460594206,61.706164605942064
2020,47,0.0,0.0,0.0,0.0,0.0,0.0,0.0,0.0,0.0,0.0,0.0,0.0,0.0,2020-11-16,17,4567.823529411765,17,57.3999207108902,40.3999207108902
2020,47,0.0,0.0,0.0,0.0,0.0,0.0,0.0,0.0,0.0,0.0,0.0,0.0,0.0,2020-11-17,36,4523.5,36,90.91495324477323,54.91495324477323
2020,47,0.0,0.0,0.0,0.0,0.0,0.0,0.0,0.0,0.0,0.0,0.0,0.0,0.0,2020-11-18,359,4011.91643454039,359,219.54288122296086,-139.45711877703914
2020,47,0.0,0.0,0.0,0.0,0.0,0.0,0.0,0.0,0.0,0.0,0.0,0.0,0.0,2020-11-19,169,4166.343195266272,169,214.1536540697323,45.15365406973231
2020,47,0.0,0.0,0.0,0.0,0.0,0.0,0.0,0.0,0.0,0.0,0.0,0.0,0.0,2020-11-20,310,4121.848387096774,310,289.0861245753719,-20.91387542462809
2020,47,0.0,0.0,0.0,0.0,0.0,0.0,0.0,0.0,0.0,0.0,0.0,0.0,0.0,2020-11-21,134,4177.037313432836,134,233.6838945169582,99.68389451695819
2020,48,0.0,0.0,0.0,0.0,0.0,0.0,0.0,0.0,0.0,0.0,0.0,0.0,0.0,2020-11-23,38,4017.8947368421054,38,124.3033577500758,86.3033577500758
2020,48,0.0,0.0,0.0,0.0,0.0,0.0,0.0,0.0,0.0,0.0,0.0,0.0,0.0,2020-11-24,172,4455.8488372093025,172,157.5191211744703,-14.480878825529686
2020,48,0.0,0.0,0.0,0.0,0.0,0.0,0.0,0.0,0.0,0.0,0.0,0.0,0.0,2020-11-25,382,4357.429319371728,382,284.2930089336816,-97.70699106631838
2020,48,0.0,0.0,0.0,0.0,0.0,0.0,0.0,0.0,0.0,0.0,0.0,0.0,0.0,2020-11-26,53,4409.056603773585,53,275.58714837557505,222.58714837557505
2020,48,0.0,0.0,0.0,0.0,0.0,0.0,0.0,0.0,0.0,0.0,0.0,0.0,0.0,2020-11-27,260,4406.653846153846,260,345.70535742598724,85.70535742598724
2020,48,0.0,0.0,0.0,0.0,0.0,0.0,0.0,0.0,0.0,0.0,0.0,0.0,0.0,2020-11-28,64,4412.3125,64,284.07438792575175,220.07438792575175
2020,49,0.0,0.0,0.0,0.0,0.0,0.0,0.0,0.0,0.0,0.0,0.0,1.0,0.0,2020-11-30,100,4415.88,100,158.49676355766957,58.49676355766957
2020,49,0.0,0.0,0.0,0.0,0.0,0.0,0.0,0.0,0.0,0.0,0.0,1.0,0.0,2020-12-01,720,4264.875,720,182.07376846839784,-537.9262315316022
2020,49,0.0,0.0,0.0,0.0,0.0,0.0,0.0,0.0,0.0,0.0,0.0,1.0,0.0,2020-12-02,75,4243.053333333333,75,298.4464260075964,223.44642600759641
2020,49,0.0,0.0,0.0,0.0,0.0,0.0,0.0,0.0,0.0,0.0,0.0,1.0,0.0,2020-12-03,83,4313.108433734939,83,278.71996073052725,195.71996073052725
2020,49,0.0,0.0,0.0,0.0,0.0,0.0,0.0,0.0,0.0,0.0,0.0,1.0,0.0,2020-12-04,96,4385.635416666667,96,337.5205957784284,241.5205957784284
2020,49,0.0,0.0,0.0,0.0,0.0,0.0,0.0,0.0,0.0,0.0,0.0,1.0,0.0,2020-12-05,47,4380.787234042553,47,264.5251931877159,217.5251931877159
2020,50,0.0,0.0,0.0,0.0,0.0,0.0,0.0,0.0,0.0,0.0,0.0,2.0,0.0,2020-12-07,148,4107.3175675675675,148,117.09127491675305,-30.90872508324695
2020,50,0.0,0.0,0.0,0.0,0.0,0.0,0.0,0.0,0.0,0.0,0.0,2.0,0.0,2020-12-09,386,4259.704663212436,386,237.97713137002043,-148.02286862997957
2020,50,0.0,0.0,0.0,0.0,0.0,0.0,0.0,0.0,0.0,0.0,0.0,2.0,0.0,2020-12-10,119,4439.18487394958,119,210.32348518073798,91.32348518073798
2020,51,0.0,0.0,0.0,0.0,0.0,0.0,0.0,0.0,0.0,0.0,0.0,3.0,1.0,2020-12-17,131,4664.603053435115,131,129.64245292984734,-1.3575470701526626
2020,51,0.0,0.0,0.0,0.0,0.0,0.0,0.0,0.0,0.0,0.0,0.0,3.0,1.0,2020-12-18,35,4727.428571428572,35,186.78398662570203,151.78398662570203
2020,51,0.0,0.0,0.0,0.0,0.0,0.0,0.0,0.0,0.0,0.0,0.0,3.0,1.0,2020-12-19,202,4728.514851485149,202,115.12322579894958,-86.87677420105042
2020,52,1.0,0.0,0.0,0.0,0.0,0.0,0.0,0.0,0.0,0.0,0.0,0.0,2.0,2020-12-22,145,4951.8,145,2.652214414614747,-142.34778558538525
2020,53,2.0,0.0,0.0,0.0,0.0,0.0,0.0,0.0,0.0,0.0,0.0,0.0,3.0,2020-12-30,415,3892.255421686747,415,166.77827730617634,-248.22172269382366
2020,53,2.0,0.0,0.0,0.0,0.0,0.0,0.0,0.0,0.0,0.0,0.0,0.0,3.0,2020-12-31,85,3014.823529411765,85,161.84474001344157,76.84474001344157
2021,1,3.0,0.0,0.0,0.0,0.0,0.0,0.0,0.0,0.0,0.0,0.0,0.0,0.0,2021-01-05,84,5522.940476190476,84,109.76710066511573,25.767100665115734
2021,1,3.0,0.0,0.0,0.0,0.0,0.0,0.0,0.0,0.0,0.0,0.0,0.0,0.0,2021-01-06,65,4643.523076923077,65,237.98143715853558,172.98143715853558
2021,1,3.0,0.0,0.0,0.0,0.0,0.0,0.0,0.0,0.0,0.0,0.0,0.0,0.0,2021-01-07,112,4471.044642857143,112,230.8687097306912,118.8687097306912
2021,1,3.0,0.0,0.0,0.0,0.0,0.0,0.0,0.0,0.0,0.0,0.0,0.0,0.0,2021-01-08,160,4527.78125,160,302.851263686609,142.851263686609
2021,1,3.0,0.0,0.0,0.0,0.0,0.0,0.0,0.0,0.0,0.0,0.0,0.0,0.0,2021-01-09,216,3907.8055555555557,216,243.39575751179413,27.39575751179413
2021,2,0.0,0.0,0.0,0.0,0.0,0.0,0.0,0.0,0.0,0.0,0.0,0.0,0.0,2021-01-11,157,4446.426751592357,157,123.26822770782962,-33.731772292170376
2021,2,0.0,0.0,0.0,0.0,0.0,0.0,0.0,0.0,0.0,0.0,0.0,0.0,0.0,2021-01-12,121,4592.661157024793,121,150.20003242854773,29.20003242854773
2021,2,0.0,0.0,0.0,0.0,0.0,0.0,0.0,0.0,0.0,0.0,0.0,0.0,0.0,2021-01-13,156,4573.692307692308,156,270.39489540068416,114.39489540068416
2021,2,0.0,0.0,0.0,0.0,0.0,0.0,0.0,0.0,0.0,0.0,0.0,0.0,0.0,2021-01-15,32,4478.78125,32,318.6204620082129,286.6204620082129
2021,2,0.0,0.0,0.0,0.0,0.0,0.0,0.0,0.0,0.0,0.0,0.0,0.0,0.0,2021-01-16,290,4693.113793103448,290,250.9843391019853,-39.01566089801469
2021,3,0.0,0.0,0.0,0.0,0.0,0.0,0.0,0.0,0.0,0.0,0.0,0.0,0.0,2021-01-19,323,4699.869969040247,323,136.28529736964504,-186.71470263035496
2021,3,0.0,0.0,0.0,0.0,0.0,0.0,0.0,0.0,0.0,0.0,0.0,0.0,0.0,2021-01-20,154,4542.441558441558,154,250.9104299244982,96.9104299244982
2021,3,0.0,0.0,0.0,0.0,0.0,0.0,0.0,0.0,0.0,0.0,0.0,0.0,0.0,2021-01-21,58,4375.310344827586,58,230.96266729698004,172.96266729698004
2021,3,0.0,0.0,0.0,0.0,0.0,0.0,0.0,0.0,0.0,0.0,0.0,0.0,0.0,2021-01-22,248,4405.221774193548,248,291.18350269565667,43.18350269565667
2021,4,0.0,0.0,0.0,0.0,0.0,0.0,0.0,0.0,0.0,0.0,0.0,0.0,0.0,2021-01-25,222,4249.2342342342345,222,85.36811948244805,-136.63188051755196
2021,4,0.0,0.0,0.0,0.0,0.0,0.0,0.0,0.0,0.0,0.0,0.0,0.0,0.0,2021-01-26,197,4075.812182741117,197,107.20989743028187,-89.79010256971813
2021,4,0.0,0.0,0.0,0.0,0.0,0.0,0.0,0.0,0.0,0.0,0.0,0.0,0.0,2021-01-27,390,4034.74358974359,390,224.32816494491473,-165.67183505508527
2021,4,0.0,0.0,0.0,0.0,0.0,0.0,0.0,0.0,0.0,0.0,0.0,0.0,0.0,2021-01-28,374,3844.256684491979,374,207.88440939610672,-166.11559060389328
2021,4,0.0,0.0,0.0,0.0,0.0,0.0,0.0,0.0,0.0,0.0,0.0,0.0,0.0,2021-01-29,609,3690.344827586207,609,272.496684199118,-336.503315800882
2021,4,0.0,0.0,0.0,0.0,0.0,0.0,0.0,0.0,0.0,0.0,0.0,0.0,0.0,2021-01-30,22,3983.6363636363635,22,207.7693108244711,185.7693108244711
2021,5,0.0,0.0,0.0,0.0,0.0,0.0,0.0,0.0,0.0,0.0,0.0,0.0,0.0,2021-02-01,74,3978.9189189189187,74,83.64062561301522,9.640625613015217
2021,5,0.0,0.0,0.0,0.0,0.0,0.0,0.0,0.0,0.0,0.0,0.0,0.0,0.0,2021-02-02,130,4214.792307692308,130,111.8143572633164,-18.185642736683604
2021,5,0.0,0.0,0.0,0.0,0.0,0.0,0.0,0.0,0.0,0.0,0.0,0.0,0.0,2021-02-03,179,4140.491620111732,179,235.29523541186757,56.295235411867566
2021,5,0.0,0.0,0.0,0.0,0.0,0.0,0.0,0.0,0.0,0.0,0.0,0.0,0.0,2021-02-04,107,4107.728971962617,107,225.05989395923294,118.05989395923294
2021,5,0.0,0.0,0.0,0.0,0.0,0.0,0.0,0.0,0.0,0.0,0.0,0.0,0.0,2021-02-05,87,4171.379310344828,87,295.5489038179968,208.5489038179968
2021,5,0.0,0.0,0.0,0.0,0.0,0.0,0.0,0.0,0.0,0.0,0.0,0.0,0.0,2021-02-06,84,4197.166666666667,84,236.20122941673225,152.20122941673225
2021,6,0.0,0.0,0.0,0.0,0.0,0.0,0.0,0.0,0.0,0.0,0.0,0.0,0.0,2021-02-08,117,4138.811965811966,117,120.76562105929699,3.76562105929699
2021,6,0.0,0.0,0.0,0.0,0.0,0.0,0.0,0.0,0.0,0.0,0.0,0.0,0.0,2021-02-09,275,4069.8836363636365,275,152.0191156912199,-122.9808843087801
2021,6,0.0,0.0,0.0,0.0,0.0,0.0,0.0,0.0,0.0,0.0,0.0,0.0,0.0,2021-02-10,374,4022.8823529411766,374,277.62122916181903,-96.37877083818097
2021,6,0.0,0.0,0.0,0.0,0.0,0.0,0.0,0.0,0.0,0.0,0.0,0.0,0.0,2021-02-11,309,4071.5631067961167,309,268.497412025901,-40.502587974099015
2021,6,0.0,0.0,0.0,0.0,0.0,0.0,0.0,0.0,0.0,0.0,0.0,0.0,0.0,2021-02-12,392,3936.4617346938776,392,339.06583486686736,-52.93416513313264
2021,6,0.0,0.0,0.0,0.0,0.0,0.0,0.0,0.0,0.0,0.0,0.0,0.0,0.0,2021-02-13,303,3618.1023102310232,303,278.77200502030337,-24.227994979696632
2021,7,0.0,0.0,0.0,0.0,0.0,0.0,0.0,0.0,0.0,0.0,0.0,0.0,0.0,2021-02-15,199,4097.497487437186,199,158.53363788831317,-40.466362111686834
2021,7,0.0,0.0,0.0,0.0,0.0,0.0,0.0,0.0,0.0,0.0,0.0,0.0,0.0,2021-02-16,177,4073.531073446328,177,186.0787285064972,9.078728506497214
2021,7,0.0,0.0,0.0,0.0,0.0,0.0,0.0,0.0,0.0,0.0,0.0,0.0,0.0,2021-02-17,236,4244.216101694915,236,307.23833653520853,71.23833653520853
2021,7,0.0,0.0,0.0,0.0,0.0,0.0,0.0,0.0,0.0,0.0,0.0,0.0,0.0,2021-02-18,427,4402.68149882904,427,293.06493184802554,-133.93506815197446
2021,7,0.0,0.0,0.0,0.0,0.0,0.0,0.0,0.0,0.0,0.0,0.0,0.0,0.0,2021-02-19,99,4920.363636363636,99,358.1184790415529,259.1184790415529
2021,7,0.0,0.0,0.0,0.0,0.0,0.0,0.0,0.0,0.0,0.0,0.0,0.0,0.0,2021-02-20,133,4282.8646616541355,133,291.9968849776811,158.99688497768108
2021,8,0.0,0.0,0.0,0.0,0.0,0.0,0.0,0.0,0.0,0.0,0.0,0.0,0.0,2021-02-22,256,4588.9140625,256,159.80047505939854,-96.19952494060146
2021,8,0.0,0.0,0.0,0.0,0.0,0.0,0.0,0.0,0.0,0.0,0.0,0.0,0.0,2021-02-25,198,4687.459595959596,198,277.97638453524223,79.97638453524223
2021,8,0.0,0.0,0.0,0.0,0.0,0.0,0.0,0.0,0.0,0.0,0.0,0.0,0.0,2021-02-26,184,4945.766304347826,184,338.56335925049564,154.56335925049564
2021,8,0.0,0.0,0.0,0.0,0.0,0.0,0.0,0.0,0.0,0.0,0.0,0.0,0.0,2021-02-27,42,4720.452380952381,42,268.66006748783803,226.66006748783803
2021,9,0.0,0.0,0.0,0.0,0.0,0.0,0.0,0.0,0.0,0.0,0.0,0.0,0.0,2021-03-01,242,4857.805785123967,242,131.27701744329033,-110.72298255670967
2021,9,0.0,0.0,0.0,0.0,0.0,0.0,0.0,0.0,0.0,0.0,0.0,0.0,0.0,2021-03-02,184,4767.902173913043,184,151.7082246611377,-32.291775338862294
2021,9,0.0,0.0,0.0,0.0,0.0,0.0,0.0,0.0,0.0,0.0,0.0,0.0,0.0,2021-03-03,169,4640.307692307692,169,266.95791832622206,97.95791832622206
2021,9,0.0,0.0,0.0,0.0,0.0,0.0,0.0,0.0,0.0,0.0,0.0,0.0,0.0,2021-03-04,154,4242.779220779221,154,248.20899723979392,94.20899723979392
2021,9,0.0,0.0,0.0,0.0,0.0,0.0,0.0,0.0,0.0,0.0,0.0,0.0,0.0,2021-03-05,129,4818.263565891473,129,310.1135489036917,181.1135489036917
2021,9,0.0,0.0,0.0,0.0,0.0,0.0,0.0,0.0,0.0,0.0,0.0,0.0,0.0,2021-03-06,22,4595.5,22,242.32157174666176,220.32157174666176
2021,10,0.0,0.0,0.0,0.0,0.0,0.0,0.0,0.0,0.0,0.0,0.0,0.0,0.0,2021-03-08,446,4065.2533632286995,446,111.22625493341422,-334.7737450665858
2021,10,0.0,0.0,0.0,0.0,0.0,0.0,0.0,0.0,0.0,0.0,0.0,0.0,0.0,2021-03-09,271,4310.092250922509,271,135.6352116179939,-135.3647883820061
2021,10,0.0,0.0,0.0,0.0,0.0,0.0,0.0,0.0,0.0,0.0,0.0,0.0,0.0,2021-03-10,918,3318.9607843137255,918,255.26547454592213,-662.7345254540778
2021,10,0.0,0.0,0.0,0.0,0.0,0.0,0.0,0.0,0.0,0.0,0.0,0.0,0.0,2021-03-11,200,4007.62,200,241.17494971847447,41.174949718474465
2021,10,0.0,0.0,0.0,0.0,0.0,0.0,0.0,0.0,0.0,0.0,0.0,0.0,0.0,2021-03-12,322,4055.332298136646,322,307.8870932199968,-14.112906780003186
2021,10,0.0,0.0,0.0,0.0,0.0,0.0,0.0,0.0,0.0,0.0,0.0,0.0,0.0,2021-03-13,189,4084.058201058201,189,244.92342273459374,55.92342273459374
2021,11,0.0,0.0,0.0,0.0,0.0,0.0,0.0,0.0,0.0,0.0,0.0,0.0,0.0,2021-03-15,403,3747.8263027295284,403,123.05568268965581,-279.9443173103442
2021,11,0.0,0.0,0.0,0.0,0.0,0.0,0.0,0.0,0.0,0.0,0.0,0.0,0.0,2021-03-16,113,4299.929203539823,113,151.63988423123078,38.63988423123078
2021,11,0.0,0.0,0.0,0.0,0.0,0.0,0.0,0.0,0.0,0.0,0.0,0.0,0.0,2021-03-17,73,4016.5342465753424,73,275.02406036114485,202.02406036114485
2021,11,0.0,0.0,0.0,0.0,0.0,0.0,0.0,0.0,0.0,0.0,0.0,0.0,0.0,2021-03-18,133,3821.127819548872,133,264.1884162135519,131.18841621355187
2021,11,0.0,0.0,0.0,0.0,0.0,0.0,0.0,0.0,0.0,0.0,0.0,0.0,0.0,2021-03-19,181,4079.7734806629833,181,333.59620102614235,152.59620102614235
2021,11,0.0,0.0,0.0,0.0,0.0,0.0,0.0,0.0,0.0,0.0,0.0,0.0,0.0,2021-03-20,102,4179.0,102,272.7274479308764,170.7274479308764
2021,12,0.0,1.0,0.0,0.0,0.0,0.0,0.0,0.0,0.0,0.0,0.0,0.0,0.0,2021-03-22,338,3437.0207100591715,338,153.1781685715761,-184.8218314284239
2021,12,0.0,1.0,0.0,0.0,0.0,0.0,0.0,0.0,0.0,0.0,0.0,0.0,0.0,2021-03-23,367,3835.5149863760216,367,181.99910219128844,-185.00089780871156
2021,12,0.0,1.0,0.0,0.0,0.0,0.0,0.0,0.0,0.0,0.0,0.0,0.0,0.0,2021-03-24,738,3385.288617886179,738,305.0438960261991,-432.9561039738009
2021,12,0.0,1.0,0.0,0.0,0.0,0.0,0.0,0.0,0.0,0.0,0.0,0.0,0.0,2021-03-25,992,3222.0997983870966,992,293.3421977400199,-698.6578022599801
2021,12,0.0,1.0,0.0,0.0,0.0,0.0,0.0,0.0,0.0,0.0,0.0,0.0,0.0,2021-03-26,214,3604.6728971962616,214,361.4204078095041,147.42040780950413
2021,13,0.0,2.0,0.0,0.0,0.0,0.0,0.0,0.0,0.0,0.0,0.0,0.0,0.0,2021-03-29,41,4878.878048780488,41,175.0136458722585,134.0136458722585
2021,13,0.0,2.0,0.0,0.0,0.0,0.0,0.0,0.0,0.0,0.0,0.0,0.0,0.0,2021-03-30,250,3904.624,250,201.46086183086072,-48.53913816913928
2021,13,0.0,2.0,0.0,0.0,0.0,0.0,0.0,0.0,0.0,0.0,0.0,0.0,0.0,2021-03-31,172,3798.9186046511627,172,322.09109125852797,150.09109125852797
2021,13,0.0,2.0,0.0,0.0,0.0,0.0,0.0,0.0,0.0,0.0,0.0,0.0,0.0,2021-04-01,152,4146.138157894737,152,308.0180355118325,156.01803551183252
2021,14,0.0,3.0,0.0,0.0,0.0,0.0,0.0,0.0,0.0,0.0,0.0,0.0,0.0,2021-04-05,101,4460.376237623763,101,182.00862881890055,81.00862881890055
2021,14,0.0,3.0,0.0,0.0,0.0,0.0,0.0,0.0,0.0,0.0,0.0,0.0,0.0,2021-04-07,247,3613.8299595141702,247,326.9328881384946,79.9328881384946
2021,14,0.0,3.0,0.0,0.0,0.0,0.0,0.0,0.0,0.0,0.0,0.0,0.0,0.0,2021-04-08,201,3502.044776119403,201,312.24953413214126,111.24953413214126
2021,14,0.0,3.0,0.0,0.0,0.0,0.0,0.0,0.0,0.0,0.0,0.0,0.0,0.0,2021-04-09,199,3854.9195979899496,199,377.750796896759,178.75079689675903
2021,14,0.0,3.0,0.0,0.0,0.0,0.0,0.0,0.0,0.0,0.0,0.0,0.0,0.0,2021-04-10,45,3816.8,45,313.0189968785476,268.0189968785476
2021,15,0.0,0.0,0.0,0.0,0.0,0.0,0.0,0.0,0.0,0.0,0.0,0.0,0.0,2021-04-12,166,4175.542168674699,166,186.1915314603766,20.19153146037661
2021,15,0.0,0.0,0.0,0.0,0.0,0.0,0.0,0.0,0.0,0.0,0.0,0.0,0.0,2021-04-13,23,3903.6521739130435,23,211.70201042422684,188.70201042422684
2021,15,0.0,0.0,0.0,0.0,0.0,0.0,0.0,0.0,0.0,0.0,0.0,0.0,0.0,2021-04-14,23,3906.913043478261,23,331.68567592528814,308.68567592528814
2021,15,0.0,0.0,0.0,0.0,0.0,0.0,0.0,0.0,0.0,0.0,0.0,0.0,0.0,2021-04-15,120,3862.4,120,317.16413404216485,197.16413404216485
2021,15,0.0,0.0,0.0,0.0,0.0,0.0,0.0,0.0,0.0,0.0,0.0,0.0,0.0,2021-04-16,655,3540.280916030534,655,382.6316387362483,-272.3683612637517
2021,15,0.0,0.0,0.0,0.0,0.0,0.0,0.0,0.0,0.0,0.0,0.0,0.0,0.0,2021-04-17,594,3118.523569023569,594,317.5877310782115,-276.4122689217885
2021,16,0.0,0.0,1.0,0.0,0.0,0.0,0.0,0.0,0.0,0.0,0.0,0.0,0.0,2021-04-19,87,3878.0114942528735,87,189.00144289170592,102.00144289170592
2021,16,0.0,0.0,1.0,0.0,0.0,0.0,0.0,0.0,0.0,0.0,0.0,0.0,0.0,2021-04-20,169,3710.05325443787,169,212.94016683644685,43.94016683644685
2021,16,0.0,0.0,1.0,0.0,0.0,0.0,0.0,0.0,0.0,0.0,0.0,0.0,0.0,2021-04-21,571,3453.4991243432573,571,330.82900204412294,-240.17099795587706
2021,16,0.0,0.0,1.0,0.0,0.0,0.0,0.0,0.0,0.0,0.0,0.0,0.0,0.0,2021-04-22,408,3030.5686274509803,408,313.66318140689503,-94.33681859310497
2021,16,0.0,0.0,1.0,0.0,0.0,0.0,0.0,0.0,0.0,0.0,0.0,0.0,0.0,2021-04-23,919,3454.869423286181,919,375.92846320971796,-543.071536790282
2021,16,0.0,0.0,1.0,0.0,0.0,0.0,0.0,0.0,0.0,0.0,0.0,0.0,0.0,2021-04-24,149,3264.6375838926174,149,307.13488555799745,158.13488555799745
2021,17,0.0,0.0,2.0,0.0,0.0,0.0,0.0,0.0,0.0,0.0,0.0,0.0,0.0,2021-04-26,110,3770.1272727272726,110,169.54653197080572,59.54653197080572
2021,17,0.0,0.0,2.0,0.0,0.0,0.0,0.0,0.0,0.0,0.0,0.0,0.0,0.0,2021-04-27,44,4474.431818181818,44,188.35071807157422,144.35071807157422
2021,17,0.0,0.0,2.0,0.0,0.0,0.0,0.0,0.0,0.0,0.0,0.0,0.0,0.0,2021-04-28,353,3499.376770538244,353,300.79137441202704,-52.20862558797296
2021,17,0.0,0.0,2.0,0.0,0.0,0.0,0.0,0.0,0.0,0.0,0.0,0.0,0.0,2021-04-29,458,3478.5873362445413,458,277.9654059606645,-180.0345940393355
2021,17,0.0,0.0,2.0,0.0,0.0,0.0,0.0,0.0,0.0,0.0,0.0,0.0,0.0,2021-04-30,1303,3168.0,1303,334.47366241126804,-968.526337588732
2021,18,0.0,0.0,3.0,0.0,0.0,0.0,0.0,0.0,0.0,0.0,0.0,0.0,0.0,2021-05-03,26,3958.4615384615386,26,111.5302503468541,85.5302503468541
2021,18,0.0,0.0,3.0,0.0,0.0,0.0,0.0,0.0,0.0,0.0,0.0,0.0,0.0,2021-05-04,75,4098.28,75,125.503844240922,50.50384424092201
2021,18,0.0,0.0,3.0,0.0,0.0,0.0,0.0,0.0,0.0,0.0,0.0,0.0,0.0,2021-05-05,26,3634.1923076923076,26,233.68430352271474,207.68430352271474
2021,18,0.0,0.0,3.0,0.0,0.0,0.0,0.0,0.0,0.0,0.0,0.0,0.0,0.0,2021-05-06,66,4128.181818181818,66,207.2951545236713,141.2951545236713
2021,18,0.0,0.0,3.0,0.0,0.0,0.0,0.0,0.0,0.0,0.0,0.0,0.0,0.0,2021-05-08,44,4054.681818181818,44,184.69472692781994,140.69472692781994
2021,19,0.0,0.0,0.0,1.0,0.0,0.0,0.0,0.0,0.0,0.0,0.0,0.0,0.0,2021-05-10,193,4124.145077720207,193,35.65742670935282,-157.34257329064718
2021,19,0.0,0.0,0.0,1.0,0.0,0.0,0.0,0.0,0.0,0.0,0.0,0.0,0.0,2021-05-11,202,4278.574257425743,202,50.95667480529265,-151.04332519470734
2021,19,0.0,0.0,0.0,1.0,0.0,0.0,0.0,0.0,0.0,0.0,0.0,0.0,0.0,2021-05-13,117,4253.726495726496,117,138.7509658279755,21.750965827975506
2021,19,0.0,0.0,0.0,1.0,0.0,0.0,0.0,0.0,0.0,0.0,0.0,0.0,0.0,2021-05-14,80,4489.125,80,197.14459842921718,117.14459842921718
2021,20,0.0,0.0,0.0,2.0,0.0,0.0,0.0,0.0,0.0,0.0,0.0,0.0,0.0,2021-05-17,61,4946.311475409836,61,-8.580962784042953,-69.58096278404295
2021,20,0.0,0.0,0.0,2.0,0.0,0.0,0.0,0.0,0.0,0.0,0.0,0.0,0.0,2021-05-18,19,5049.0,19,14.844781863498127,-4.1552181365018726
2021,20,0.0,0.0,0.0,2.0,0.0,0.0,0.0,0.0,0.0,0.0,0.0,0.0,0.0,2021-05-19,203,4793.3497536945815,203,134.15677530998732,-68.84322469001268
2021,20,0.0,0.0,0.0,2.0,0.0,0.0,0.0,0.0,0.0,0.0,0.0,0.0,0.0,2021-05-20,203,4780.3497536945815,203,120.41137887516192,-82.58862112483808
